C:\Users\nnegi\Desktop\Project\IMG\center_2023_02_11_11_17_17_517.jpg,C:\Users\nnegi\Desktop\Project\IMG\left_2023_02_11_11_17_17_517.jpg,C:\Users\nnegi\Desktop\Project\IMG\right_2023_02_11_11_17_17_517.jpg,0,0,0,3.973605E-06
C:\Users\nnegi\Desktop\Project\IMG\center_2023_02_11_11_17_17_581.jpg,C:\Users\nnegi\Desktop\Project\IMG\left_2023_02_11_11_17_17_581.jpg,C:\Users\nnegi\Desktop\Project\IMG\right_2023_02_11_11_17_17_581.jpg,0,0,0,2.940503E-05
C:\Users\nnegi\Desktop\Project\IMG\center_2023_02_11_11_17_17_652.jpg,C:\Users\nnegi\Desktop\Project\IMG\left_2023_02_11_11_17_17_652.jpg,C:\Users\nnegi\Desktop\Project\IMG\right_2023_02_11_11_17_17_652.jpg,0,0,0,5.632347E-06
C:\Users\nnegi\Desktop\Project\IMG\center_2023_02_11_11_17_17_720.jpg,C:\Users\nnegi\Desktop\Project\IMG\left_2023_02_11_11_17_17_720.jpg,C:\Users\nnegi\Desktop\Project\IMG\right_2023_02_11_11_17_17_720.jpg,0,0,0,8.115011E-06
C:\Users\nnegi\Desktop\Project\IMG\center_2023_02_11_11_17_17_791.jpg,C:\Users\nnegi\Desktop\Project\IMG\left_2023_02_11_11_17_17_791.jpg,C:\Users\nnegi\Desktop\Project\IMG\right_2023_02_11_11_17_17_791.jpg,0,0,0,1.157974E-05
C:\Users\nnegi\Desktop\Project\IMG\center_2023_02_11_11_17_17_863.jpg,C:\Users\nnegi\Desktop\Project\IMG\left_2023_02_11_11_17_17_863.jpg,C:\Users\nnegi\Desktop\Project\IMG\right_2023_02_11_11_17_17_863.jpg,0,0,0,3.660367E-06
C:\Users\nnegi\Desktop\Project\IMG\center_2023_02_11_11_17_17_941.jpg,C:\Users\nnegi\Desktop\Project\IMG\left_2023_02_11_11_17_17_941.jpg,C:\Users\nnegi\Desktop\Project\IMG\right_2023_02_11_11_17_17_941.jpg,0,0,0,1.810131E-05
C:\Users\nnegi\Desktop\Project\IMG\center_2023_02_11_11_17_18_011.jpg,C:\Users\nnegi\Desktop\Project\IMG\left_2023_02_11_11_17_18_011.jpg,C:\Users\nnegi\Desktop\Project\IMG\right_2023_02_11_11_17_18_011.jpg,0,0,0,1.213469E-06
C:\Users\nnegi\Desktop\Project\IMG\center_2023_02_11_11_17_18_084.jpg,C:\Users\nnegi\Desktop\Project\IMG\left_2023_02_11_11_17_18_084.jpg,C:\Users\nnegi\Desktop\Project\IMG\right_2023_02_11_11_17_18_084.jpg,0,0,0,5.222447E-06
C:\Users\nnegi\Desktop\Project\IMG\center_2023_02_11_11_17_18_160.jpg,C:\Users\nnegi\Desktop\Project\IMG\left_2023_02_11_11_17_18_160.jpg,C:\Users\nnegi\Desktop\Project\IMG\right_2023_02_11_11_17_18_160.jpg,0,0,0,7.949715E-06
C:\Users\nnegi\Desktop\Project\IMG\center_2023_02_11_11_17_18_229.jpg,C:\Users\nnegi\Desktop\Project\IMG\left_2023_02_11_11_17_18_229.jpg,C:\Users\nnegi\Desktop\Project\IMG\right_2023_02_11_11_17_18_229.jpg,0,0,0,1.3206E-05
C:\Users\nnegi\Desktop\Project\IMG\center_2023_02_11_11_17_18_300.jpg,C:\Users\nnegi\Desktop\Project\IMG\left_2023_02_11_11_17_18_300.jpg,C:\Users\nnegi\Desktop\Project\IMG\right_2023_02_11_11_17_18_300.jpg,0,0,0,4.191072E-06
C:\Users\nnegi\Desktop\Project\IMG\center_2023_02_11_11_17_18_368.jpg,C:\Users\nnegi\Desktop\Project\IMG\left_2023_02_11_11_17_18_368.jpg,C:\Users\nnegi\Desktop\Project\IMG\right_2023_02_11_11_17_18_368.jpg,0,0,0,8.956157E-06
C:\Users\nnegi\Desktop\Project\IMG\center_2023_02_11_11_17_18_443.jpg,C:\Users\nnegi\Desktop\Project\IMG\left_2023_02_11_11_17_18_443.jpg,C:\Users\nnegi\Desktop\Project\IMG\right_2023_02_11_11_17_18_443.jpg,0,0,0,6.153766E-06
C:\Users\nnegi\Desktop\Project\IMG\center_2023_02_11_11_17_18_519.jpg,C:\Users\nnegi\Desktop\Project\IMG\left_2023_02_11_11_17_18_519.jpg,C:\Users\nnegi\Desktop\Project\IMG\right_2023_02_11_11_17_18_519.jpg,0,0,0,9.117056E-06
C:\Users\nnegi\Desktop\Project\IMG\center_2023_02_11_11_17_18_590.jpg,C:\Users\nnegi\Desktop\Project\IMG\left_2023_02_11_11_17_18_590.jpg,C:\Users\nnegi\Desktop\Project\IMG\right_2023_02_11_11_17_18_590.jpg,0,0,0,1.430322E-05
C:\Users\nnegi\Desktop\Project\IMG\center_2023_02_11_11_17_18_684.jpg,C:\Users\nnegi\Desktop\Project\IMG\left_2023_02_11_11_17_18_684.jpg,C:\Users\nnegi\Desktop\Project\IMG\right_2023_02_11_11_17_18_684.jpg,0,0.2188509,0,0.07162941
C:\Users\nnegi\Desktop\Project\IMG\center_2023_02_11_11_17_18_752.jpg,C:\Users\nnegi\Desktop\Project\IMG\left_2023_02_11_11_17_18_752.jpg,C:\Users\nnegi\Desktop\Project\IMG\right_2023_02_11_11_17_18_752.jpg,0,0.427311,0,0.3893022
C:\Users\nnegi\Desktop\Project\IMG\center_2023_02_11_11_17_18_820.jpg,C:\Users\nnegi\Desktop\Project\IMG\left_2023_02_11_11_17_18_820.jpg,C:\Users\nnegi\Desktop\Project\IMG\right_2023_02_11_11_17_18_820.jpg,0,0.6052589,0,0.7571033
C:\Users\nnegi\Desktop\Project\IMG\center_2023_02_11_11_17_18_895.jpg,C:\Users\nnegi\Desktop\Project\IMG\left_2023_02_11_11_17_18_895.jpg,C:\Users\nnegi\Desktop\Project\IMG\right_2023_02_11_11_17_18_895.jpg,0,0.8549637,0,1.360931
C:\Users\nnegi\Desktop\Project\IMG\center_2023_02_11_11_17_18_964.jpg,C:\Users\nnegi\Desktop\Project\IMG\left_2023_02_11_11_17_18_964.jpg,C:\Users\nnegi\Desktop\Project\IMG\right_2023_02_11_11_17_18_964.jpg,0,1,0,1.951156
C:\Users\nnegi\Desktop\Project\IMG\center_2023_02_11_11_17_19_033.jpg,C:\Users\nnegi\Desktop\Project\IMG\left_2023_02_11_11_17_19_033.jpg,C:\Users\nnegi\Desktop\Project\IMG\right_2023_02_11_11_17_19_033.jpg,0,1,0,2.771124
C:\Users\nnegi\Desktop\Project\IMG\center_2023_02_11_11_17_19_114.jpg,C:\Users\nnegi\Desktop\Project\IMG\left_2023_02_11_11_17_19_114.jpg,C:\Users\nnegi\Desktop\Project\IMG\right_2023_02_11_11_17_19_114.jpg,0,1,0,3.649362
C:\Users\nnegi\Desktop\Project\IMG\center_2023_02_11_11_17_19_188.jpg,C:\Users\nnegi\Desktop\Project\IMG\left_2023_02_11_11_17_19_188.jpg,C:\Users\nnegi\Desktop\Project\IMG\right_2023_02_11_11_17_19_188.jpg,0,1,0,4.581293
C:\Users\nnegi\Desktop\Project\IMG\center_2023_02_11_11_17_19_264.jpg,C:\Users\nnegi\Desktop\Project\IMG\left_2023_02_11_11_17_19_264.jpg,C:\Users\nnegi\Desktop\Project\IMG\right_2023_02_11_11_17_19_264.jpg,0,1,0,5.278639
C:\Users\nnegi\Desktop\Project\IMG\center_2023_02_11_11_17_19_335.jpg,C:\Users\nnegi\Desktop\Project\IMG\left_2023_02_11_11_17_19_335.jpg,C:\Users\nnegi\Desktop\Project\IMG\right_2023_02_11_11_17_19_335.jpg,0,1,0,6.202222
C:\Users\nnegi\Desktop\Project\IMG\center_2023_02_11_11_17_19_404.jpg,C:\Users\nnegi\Desktop\Project\IMG\left_2023_02_11_11_17_19_404.jpg,C:\Users\nnegi\Desktop\Project\IMG\right_2023_02_11_11_17_19_404.jpg,-0.15,1,0,6.885654
C:\Users\nnegi\Desktop\Project\IMG\center_2023_02_11_11_17_19_476.jpg,C:\Users\nnegi\Desktop\Project\IMG\left_2023_02_11_11_17_19_476.jpg,C:\Users\nnegi\Desktop\Project\IMG\right_2023_02_11_11_17_19_476.jpg,-0.35,0.8142592,0,7.695482
C:\Users\nnegi\Desktop\Project\IMG\center_2023_02_11_11_17_19_545.jpg,C:\Users\nnegi\Desktop\Project\IMG\left_2023_02_11_11_17_19_545.jpg,C:\Users\nnegi\Desktop\Project\IMG\right_2023_02_11_11_17_19_545.jpg,-0.5000001,0.6369914,0,8.135165
C:\Users\nnegi\Desktop\Project\IMG\center_2023_02_11_11_17_19_624.jpg,C:\Users\nnegi\Desktop\Project\IMG\left_2023_02_11_11_17_19_624.jpg,C:\Users\nnegi\Desktop\Project\IMG\right_2023_02_11_11_17_19_624.jpg,0,0.3717275,0,8.485322
C:\Users\nnegi\Desktop\Project\IMG\center_2023_02_11_11_17_19_695.jpg,C:\Users\nnegi\Desktop\Project\IMG\left_2023_02_11_11_17_19_695.jpg,C:\Users\nnegi\Desktop\Project\IMG\right_2023_02_11_11_17_19_695.jpg,0,0.1572062,0,8.625381
C:\Users\nnegi\Desktop\Project\IMG\center_2023_02_11_11_17_19_769.jpg,C:\Users\nnegi\Desktop\Project\IMG\left_2023_02_11_11_17_19_769.jpg,C:\Users\nnegi\Desktop\Project\IMG\right_2023_02_11_11_17_19_769.jpg,0,0,0,8.598536
C:\Users\nnegi\Desktop\Project\IMG\center_2023_02_11_11_17_19_838.jpg,C:\Users\nnegi\Desktop\Project\IMG\left_2023_02_11_11_17_19_838.jpg,C:\Users\nnegi\Desktop\Project\IMG\right_2023_02_11_11_17_19_838.jpg,-0.1,0,0,8.545135
C:\Users\nnegi\Desktop\Project\IMG\center_2023_02_11_11_17_19_908.jpg,C:\Users\nnegi\Desktop\Project\IMG\left_2023_02_11_11_17_19_908.jpg,C:\Users\nnegi\Desktop\Project\IMG\right_2023_02_11_11_17_19_908.jpg,-0.3,0,0,8.455733
C:\Users\nnegi\Desktop\Project\IMG\center_2023_02_11_11_17_19_977.jpg,C:\Users\nnegi\Desktop\Project\IMG\left_2023_02_11_11_17_19_977.jpg,C:\Users\nnegi\Desktop\Project\IMG\right_2023_02_11_11_17_19_977.jpg,-0.45,0,0,8.373314
C:\Users\nnegi\Desktop\Project\IMG\center_2023_02_11_11_17_20_049.jpg,C:\Users\nnegi\Desktop\Project\IMG\left_2023_02_11_11_17_20_049.jpg,C:\Users\nnegi\Desktop\Project\IMG\right_2023_02_11_11_17_20_049.jpg,-0.6500001,0,0,8.246501
C:\Users\nnegi\Desktop\Project\IMG\center_2023_02_11_11_17_20_125.jpg,C:\Users\nnegi\Desktop\Project\IMG\left_2023_02_11_11_17_20_125.jpg,C:\Users\nnegi\Desktop\Project\IMG\right_2023_02_11_11_17_20_125.jpg,-0.8000001,0,0,8.139159
C:\Users\nnegi\Desktop\Project\IMG\center_2023_02_11_11_17_20_201.jpg,C:\Users\nnegi\Desktop\Project\IMG\left_2023_02_11_11_17_20_201.jpg,C:\Users\nnegi\Desktop\Project\IMG\right_2023_02_11_11_17_20_201.jpg,-1,0,0,7.975409
C:\Users\nnegi\Desktop\Project\IMG\center_2023_02_11_11_17_20_344.jpg,C:\Users\nnegi\Desktop\Project\IMG\left_2023_02_11_11_17_20_344.jpg,C:\Users\nnegi\Desktop\Project\IMG\right_2023_02_11_11_17_20_344.jpg,-1,0,0,7.784144
C:\Users\nnegi\Desktop\Project\IMG\center_2023_02_11_11_17_20_419.jpg,C:\Users\nnegi\Desktop\Project\IMG\left_2023_02_11_11_17_20_419.jpg,C:\Users\nnegi\Desktop\Project\IMG\right_2023_02_11_11_17_20_419.jpg,-1,0,0,7.699213
C:\Users\nnegi\Desktop\Project\IMG\center_2023_02_11_11_17_20_486.jpg,C:\Users\nnegi\Desktop\Project\IMG\left_2023_02_11_11_17_20_486.jpg,C:\Users\nnegi\Desktop\Project\IMG\right_2023_02_11_11_17_20_486.jpg,-1,0,0,7.637515
C:\Users\nnegi\Desktop\Project\IMG\center_2023_02_11_11_17_20_554.jpg,C:\Users\nnegi\Desktop\Project\IMG\left_2023_02_11_11_17_20_554.jpg,C:\Users\nnegi\Desktop\Project\IMG\right_2023_02_11_11_17_20_554.jpg,-1,0,0,7.556386
C:\Users\nnegi\Desktop\Project\IMG\center_2023_02_11_11_17_20_627.jpg,C:\Users\nnegi\Desktop\Project\IMG\left_2023_02_11_11_17_20_627.jpg,C:\Users\nnegi\Desktop\Project\IMG\right_2023_02_11_11_17_20_627.jpg,0,0,0,7.340835
C:\Users\nnegi\Desktop\Project\IMG\center_2023_02_11_11_17_20_704.jpg,C:\Users\nnegi\Desktop\Project\IMG\left_2023_02_11_11_17_20_704.jpg,C:\Users\nnegi\Desktop\Project\IMG\right_2023_02_11_11_17_20_704.jpg,0,0,0,7.249774
C:\Users\nnegi\Desktop\Project\IMG\center_2023_02_11_11_17_20_776.jpg,C:\Users\nnegi\Desktop\Project\IMG\left_2023_02_11_11_17_20_776.jpg,C:\Users\nnegi\Desktop\Project\IMG\right_2023_02_11_11_17_20_776.jpg,0,0.074007,0,7.19958
C:\Users\nnegi\Desktop\Project\IMG\center_2023_02_11_11_17_20_850.jpg,C:\Users\nnegi\Desktop\Project\IMG\left_2023_02_11_11_17_20_850.jpg,C:\Users\nnegi\Desktop\Project\IMG\right_2023_02_11_11_17_20_850.jpg,0,0.2993751,0,7.327653
C:\Users\nnegi\Desktop\Project\IMG\center_2023_02_11_11_17_20_925.jpg,C:\Users\nnegi\Desktop\Project\IMG\left_2023_02_11_11_17_20_925.jpg,C:\Users\nnegi\Desktop\Project\IMG\right_2023_02_11_11_17_20_925.jpg,0,0.4882485,0,7.58056
C:\Users\nnegi\Desktop\Project\IMG\center_2023_02_11_11_17_20_998.jpg,C:\Users\nnegi\Desktop\Project\IMG\left_2023_02_11_11_17_20_998.jpg,C:\Users\nnegi\Desktop\Project\IMG\right_2023_02_11_11_17_20_998.jpg,0,0.7104681,0,8.120157
C:\Users\nnegi\Desktop\Project\IMG\center_2023_02_11_11_17_21_071.jpg,C:\Users\nnegi\Desktop\Project\IMG\left_2023_02_11_11_17_21_071.jpg,C:\Users\nnegi\Desktop\Project\IMG\right_2023_02_11_11_17_21_071.jpg,0,0.9585466,0,8.873977
C:\Users\nnegi\Desktop\Project\IMG\center_2023_02_11_11_17_21_146.jpg,C:\Users\nnegi\Desktop\Project\IMG\left_2023_02_11_11_17_21_146.jpg,C:\Users\nnegi\Desktop\Project\IMG\right_2023_02_11_11_17_21_146.jpg,0,1,0,9.542873
C:\Users\nnegi\Desktop\Project\IMG\center_2023_02_11_11_17_21_246.jpg,C:\Users\nnegi\Desktop\Project\IMG\left_2023_02_11_11_17_21_246.jpg,C:\Users\nnegi\Desktop\Project\IMG\right_2023_02_11_11_17_21_246.jpg,0,1,0,10.6544
C:\Users\nnegi\Desktop\Project\IMG\center_2023_02_11_11_17_21_319.jpg,C:\Users\nnegi\Desktop\Project\IMG\left_2023_02_11_11_17_21_319.jpg,C:\Users\nnegi\Desktop\Project\IMG\right_2023_02_11_11_17_21_319.jpg,0,1,0,11.6348
C:\Users\nnegi\Desktop\Project\IMG\center_2023_02_11_11_17_21_386.jpg,C:\Users\nnegi\Desktop\Project\IMG\left_2023_02_11_11_17_21_386.jpg,C:\Users\nnegi\Desktop\Project\IMG\right_2023_02_11_11_17_21_386.jpg,0,1,0,11.94455
C:\Users\nnegi\Desktop\Project\IMG\center_2023_02_11_11_17_21_458.jpg,C:\Users\nnegi\Desktop\Project\IMG\left_2023_02_11_11_17_21_458.jpg,C:\Users\nnegi\Desktop\Project\IMG\right_2023_02_11_11_17_21_458.jpg,0,1,0,13.08694
C:\Users\nnegi\Desktop\Project\IMG\center_2023_02_11_11_17_21_530.jpg,C:\Users\nnegi\Desktop\Project\IMG\left_2023_02_11_11_17_21_530.jpg,C:\Users\nnegi\Desktop\Project\IMG\right_2023_02_11_11_17_21_530.jpg,0,1,0,13.8772
C:\Users\nnegi\Desktop\Project\IMG\center_2023_02_11_11_17_21_599.jpg,C:\Users\nnegi\Desktop\Project\IMG\left_2023_02_11_11_17_21_599.jpg,C:\Users\nnegi\Desktop\Project\IMG\right_2023_02_11_11_17_21_599.jpg,0,1,0,14.58749
C:\Users\nnegi\Desktop\Project\IMG\center_2023_02_11_11_17_21_671.jpg,C:\Users\nnegi\Desktop\Project\IMG\left_2023_02_11_11_17_21_671.jpg,C:\Users\nnegi\Desktop\Project\IMG\right_2023_02_11_11_17_21_671.jpg,0,0.9101678,0,15.4275
C:\Users\nnegi\Desktop\Project\IMG\center_2023_02_11_11_17_21_742.jpg,C:\Users\nnegi\Desktop\Project\IMG\left_2023_02_11_11_17_21_742.jpg,C:\Users\nnegi\Desktop\Project\IMG\right_2023_02_11_11_17_21_742.jpg,0,0.7270037,0,15.84859
C:\Users\nnegi\Desktop\Project\IMG\center_2023_02_11_11_17_21_817.jpg,C:\Users\nnegi\Desktop\Project\IMG\left_2023_02_11_11_17_21_817.jpg,C:\Users\nnegi\Desktop\Project\IMG\right_2023_02_11_11_17_21_817.jpg,0,0.4745736,0,16.29168
C:\Users\nnegi\Desktop\Project\IMG\center_2023_02_11_11_17_21_888.jpg,C:\Users\nnegi\Desktop\Project\IMG\left_2023_02_11_11_17_21_888.jpg,C:\Users\nnegi\Desktop\Project\IMG\right_2023_02_11_11_17_21_888.jpg,0,0.26181,0,16.49149
C:\Users\nnegi\Desktop\Project\IMG\center_2023_02_11_11_17_21_961.jpg,C:\Users\nnegi\Desktop\Project\IMG\left_2023_02_11_11_17_21_961.jpg,C:\Users\nnegi\Desktop\Project\IMG\right_2023_02_11_11_17_21_961.jpg,0,0.06850316,0,16.62879
C:\Users\nnegi\Desktop\Project\IMG\center_2023_02_11_11_17_22_031.jpg,C:\Users\nnegi\Desktop\Project\IMG\left_2023_02_11_11_17_22_031.jpg,C:\Users\nnegi\Desktop\Project\IMG\right_2023_02_11_11_17_22_031.jpg,0,0,0,16.52186
C:\Users\nnegi\Desktop\Project\IMG\center_2023_02_11_11_17_22_102.jpg,C:\Users\nnegi\Desktop\Project\IMG\left_2023_02_11_11_17_22_102.jpg,C:\Users\nnegi\Desktop\Project\IMG\right_2023_02_11_11_17_22_102.jpg,0,0,0,16.20525
C:\Users\nnegi\Desktop\Project\IMG\center_2023_02_11_11_17_22_177.jpg,C:\Users\nnegi\Desktop\Project\IMG\left_2023_02_11_11_17_22_177.jpg,C:\Users\nnegi\Desktop\Project\IMG\right_2023_02_11_11_17_22_177.jpg,0,0,0,16.07006
C:\Users\nnegi\Desktop\Project\IMG\center_2023_02_11_11_17_22_245.jpg,C:\Users\nnegi\Desktop\Project\IMG\left_2023_02_11_11_17_22_245.jpg,C:\Users\nnegi\Desktop\Project\IMG\right_2023_02_11_11_17_22_245.jpg,0,0,0,16.20111
C:\Users\nnegi\Desktop\Project\IMG\center_2023_02_11_11_17_22_316.jpg,C:\Users\nnegi\Desktop\Project\IMG\left_2023_02_11_11_17_22_316.jpg,C:\Users\nnegi\Desktop\Project\IMG\right_2023_02_11_11_17_22_316.jpg,0,0,0,16.0705
C:\Users\nnegi\Desktop\Project\IMG\center_2023_02_11_11_17_22_392.jpg,C:\Users\nnegi\Desktop\Project\IMG\left_2023_02_11_11_17_22_392.jpg,C:\Users\nnegi\Desktop\Project\IMG\right_2023_02_11_11_17_22_392.jpg,0,0,0,15.94255
C:\Users\nnegi\Desktop\Project\IMG\center_2023_02_11_11_17_22_465.jpg,C:\Users\nnegi\Desktop\Project\IMG\left_2023_02_11_11_17_22_465.jpg,C:\Users\nnegi\Desktop\Project\IMG\right_2023_02_11_11_17_22_465.jpg,-0.05,0,0,15.61098
C:\Users\nnegi\Desktop\Project\IMG\center_2023_02_11_11_17_22_541.jpg,C:\Users\nnegi\Desktop\Project\IMG\left_2023_02_11_11_17_22_541.jpg,C:\Users\nnegi\Desktop\Project\IMG\right_2023_02_11_11_17_22_541.jpg,-0.25,0,0,15.45725
C:\Users\nnegi\Desktop\Project\IMG\center_2023_02_11_11_17_22_611.jpg,C:\Users\nnegi\Desktop\Project\IMG\left_2023_02_11_11_17_22_611.jpg,C:\Users\nnegi\Desktop\Project\IMG\right_2023_02_11_11_17_22_611.jpg,-0.45,0,0,15.26649
C:\Users\nnegi\Desktop\Project\IMG\center_2023_02_11_11_17_22_679.jpg,C:\Users\nnegi\Desktop\Project\IMG\left_2023_02_11_11_17_22_679.jpg,C:\Users\nnegi\Desktop\Project\IMG\right_2023_02_11_11_17_22_679.jpg,0,0,0,15.36917
C:\Users\nnegi\Desktop\Project\IMG\center_2023_02_11_11_17_22_759.jpg,C:\Users\nnegi\Desktop\Project\IMG\left_2023_02_11_11_17_22_759.jpg,C:\Users\nnegi\Desktop\Project\IMG\right_2023_02_11_11_17_22_759.jpg,0,0,0,15.23182
C:\Users\nnegi\Desktop\Project\IMG\center_2023_02_11_11_17_22_827.jpg,C:\Users\nnegi\Desktop\Project\IMG\left_2023_02_11_11_17_22_827.jpg,C:\Users\nnegi\Desktop\Project\IMG\right_2023_02_11_11_17_22_827.jpg,0,0,0,15.11187
C:\Users\nnegi\Desktop\Project\IMG\center_2023_02_11_11_17_22_898.jpg,C:\Users\nnegi\Desktop\Project\IMG\left_2023_02_11_11_17_22_898.jpg,C:\Users\nnegi\Desktop\Project\IMG\right_2023_02_11_11_17_22_898.jpg,0,0,0,14.79846
C:\Users\nnegi\Desktop\Project\IMG\center_2023_02_11_11_17_22_968.jpg,C:\Users\nnegi\Desktop\Project\IMG\left_2023_02_11_11_17_22_968.jpg,C:\Users\nnegi\Desktop\Project\IMG\right_2023_02_11_11_17_22_968.jpg,0,0.1776918,0,14.72026
C:\Users\nnegi\Desktop\Project\IMG\center_2023_02_11_11_17_23_035.jpg,C:\Users\nnegi\Desktop\Project\IMG\left_2023_02_11_11_17_23_035.jpg,C:\Users\nnegi\Desktop\Project\IMG\right_2023_02_11_11_17_23_035.jpg,0,0.3822216,0,15.01125
C:\Users\nnegi\Desktop\Project\IMG\center_2023_02_11_11_17_23_109.jpg,C:\Users\nnegi\Desktop\Project\IMG\left_2023_02_11_11_17_23_109.jpg,C:\Users\nnegi\Desktop\Project\IMG\right_2023_02_11_11_17_23_109.jpg,0,0.6034788,0,15.33878
C:\Users\nnegi\Desktop\Project\IMG\center_2023_02_11_11_17_23_182.jpg,C:\Users\nnegi\Desktop\Project\IMG\left_2023_02_11_11_17_23_182.jpg,C:\Users\nnegi\Desktop\Project\IMG\right_2023_02_11_11_17_23_182.jpg,0,0.7936539,0,15.71026
C:\Users\nnegi\Desktop\Project\IMG\center_2023_02_11_11_17_23_255.jpg,C:\Users\nnegi\Desktop\Project\IMG\left_2023_02_11_11_17_23_255.jpg,C:\Users\nnegi\Desktop\Project\IMG\right_2023_02_11_11_17_23_255.jpg,0,1,0,16.51003
C:\Users\nnegi\Desktop\Project\IMG\center_2023_02_11_11_17_23_326.jpg,C:\Users\nnegi\Desktop\Project\IMG\left_2023_02_11_11_17_23_326.jpg,C:\Users\nnegi\Desktop\Project\IMG\right_2023_02_11_11_17_23_326.jpg,0,1,0,17.19329
C:\Users\nnegi\Desktop\Project\IMG\center_2023_02_11_11_17_23_402.jpg,C:\Users\nnegi\Desktop\Project\IMG\left_2023_02_11_11_17_23_402.jpg,C:\Users\nnegi\Desktop\Project\IMG\right_2023_02_11_11_17_23_402.jpg,0,1,0,18.0163
C:\Users\nnegi\Desktop\Project\IMG\center_2023_02_11_11_17_23_478.jpg,C:\Users\nnegi\Desktop\Project\IMG\left_2023_02_11_11_17_23_478.jpg,C:\Users\nnegi\Desktop\Project\IMG\right_2023_02_11_11_17_23_478.jpg,0,1,0,18.83604
C:\Users\nnegi\Desktop\Project\IMG\center_2023_02_11_11_17_23_556.jpg,C:\Users\nnegi\Desktop\Project\IMG\left_2023_02_11_11_17_23_556.jpg,C:\Users\nnegi\Desktop\Project\IMG\right_2023_02_11_11_17_23_556.jpg,0,0.8608945,0,19.62465
C:\Users\nnegi\Desktop\Project\IMG\center_2023_02_11_11_17_23_628.jpg,C:\Users\nnegi\Desktop\Project\IMG\left_2023_02_11_11_17_23_628.jpg,C:\Users\nnegi\Desktop\Project\IMG\right_2023_02_11_11_17_23_628.jpg,0,0.6443344,0,20.19655
C:\Users\nnegi\Desktop\Project\IMG\center_2023_02_11_11_17_23_699.jpg,C:\Users\nnegi\Desktop\Project\IMG\left_2023_02_11_11_17_23_699.jpg,C:\Users\nnegi\Desktop\Project\IMG\right_2023_02_11_11_17_23_699.jpg,0,0.4589434,0,20.45264
C:\Users\nnegi\Desktop\Project\IMG\center_2023_02_11_11_17_23_769.jpg,C:\Users\nnegi\Desktop\Project\IMG\left_2023_02_11_11_17_23_769.jpg,C:\Users\nnegi\Desktop\Project\IMG\right_2023_02_11_11_17_23_769.jpg,-0.2,0.2196373,0,20.58757
C:\Users\nnegi\Desktop\Project\IMG\center_2023_02_11_11_17_23_844.jpg,C:\Users\nnegi\Desktop\Project\IMG\left_2023_02_11_11_17_23_844.jpg,C:\Users\nnegi\Desktop\Project\IMG\right_2023_02_11_11_17_23_844.jpg,-0.35,0.03618914,0,20.52231
C:\Users\nnegi\Desktop\Project\IMG\center_2023_02_11_11_17_23_915.jpg,C:\Users\nnegi\Desktop\Project\IMG\left_2023_02_11_11_17_23_915.jpg,C:\Users\nnegi\Desktop\Project\IMG\right_2023_02_11_11_17_23_915.jpg,-0.5500001,0,0,20.22986
C:\Users\nnegi\Desktop\Project\IMG\center_2023_02_11_11_17_23_985.jpg,C:\Users\nnegi\Desktop\Project\IMG\left_2023_02_11_11_17_23_985.jpg,C:\Users\nnegi\Desktop\Project\IMG\right_2023_02_11_11_17_23_985.jpg,-0.7,0,0,19.99936
C:\Users\nnegi\Desktop\Project\IMG\center_2023_02_11_11_17_24_055.jpg,C:\Users\nnegi\Desktop\Project\IMG\left_2023_02_11_11_17_24_055.jpg,C:\Users\nnegi\Desktop\Project\IMG\right_2023_02_11_11_17_24_055.jpg,-0.9000002,0,0,19.63935
C:\Users\nnegi\Desktop\Project\IMG\center_2023_02_11_11_17_24_143.jpg,C:\Users\nnegi\Desktop\Project\IMG\left_2023_02_11_11_17_24_143.jpg,C:\Users\nnegi\Desktop\Project\IMG\right_2023_02_11_11_17_24_143.jpg,-1,0,0,19.26143
C:\Users\nnegi\Desktop\Project\IMG\center_2023_02_11_11_17_24_217.jpg,C:\Users\nnegi\Desktop\Project\IMG\left_2023_02_11_11_17_24_217.jpg,C:\Users\nnegi\Desktop\Project\IMG\right_2023_02_11_11_17_24_217.jpg,0,0,0,18.95128
C:\Users\nnegi\Desktop\Project\IMG\center_2023_02_11_11_17_24_327.jpg,C:\Users\nnegi\Desktop\Project\IMG\left_2023_02_11_11_17_24_327.jpg,C:\Users\nnegi\Desktop\Project\IMG\right_2023_02_11_11_17_24_327.jpg,0,0,0,18.49548
C:\Users\nnegi\Desktop\Project\IMG\center_2023_02_11_11_17_24_393.jpg,C:\Users\nnegi\Desktop\Project\IMG\left_2023_02_11_11_17_24_393.jpg,C:\Users\nnegi\Desktop\Project\IMG\right_2023_02_11_11_17_24_393.jpg,0,0,0,18.29887
C:\Users\nnegi\Desktop\Project\IMG\center_2023_02_11_11_17_24_461.jpg,C:\Users\nnegi\Desktop\Project\IMG\left_2023_02_11_11_17_24_461.jpg,C:\Users\nnegi\Desktop\Project\IMG\right_2023_02_11_11_17_24_461.jpg,0,0,0,18.28091
C:\Users\nnegi\Desktop\Project\IMG\center_2023_02_11_11_17_24_534.jpg,C:\Users\nnegi\Desktop\Project\IMG\left_2023_02_11_11_17_24_534.jpg,C:\Users\nnegi\Desktop\Project\IMG\right_2023_02_11_11_17_24_534.jpg,0,0,0,18.12577
C:\Users\nnegi\Desktop\Project\IMG\center_2023_02_11_11_17_24_604.jpg,C:\Users\nnegi\Desktop\Project\IMG\left_2023_02_11_11_17_24_604.jpg,C:\Users\nnegi\Desktop\Project\IMG\right_2023_02_11_11_17_24_604.jpg,0,0.0406122,0,17.92718
C:\Users\nnegi\Desktop\Project\IMG\center_2023_02_11_11_17_24_679.jpg,C:\Users\nnegi\Desktop\Project\IMG\left_2023_02_11_11_17_24_679.jpg,C:\Users\nnegi\Desktop\Project\IMG\right_2023_02_11_11_17_24_679.jpg,0,0.2670549,0,17.94759
C:\Users\nnegi\Desktop\Project\IMG\center_2023_02_11_11_17_24_755.jpg,C:\Users\nnegi\Desktop\Project\IMG\left_2023_02_11_11_17_24_755.jpg,C:\Users\nnegi\Desktop\Project\IMG\right_2023_02_11_11_17_24_755.jpg,0,0.5247235,0,18.21542
C:\Users\nnegi\Desktop\Project\IMG\center_2023_02_11_11_17_24_821.jpg,C:\Users\nnegi\Desktop\Project\IMG\left_2023_02_11_11_17_24_821.jpg,C:\Users\nnegi\Desktop\Project\IMG\right_2023_02_11_11_17_24_821.jpg,0,0.6912403,0,18.57915
C:\Users\nnegi\Desktop\Project\IMG\center_2023_02_11_11_17_24_889.jpg,C:\Users\nnegi\Desktop\Project\IMG\left_2023_02_11_11_17_24_889.jpg,C:\Users\nnegi\Desktop\Project\IMG\right_2023_02_11_11_17_24_889.jpg,0,0.930624,0,19.2368
C:\Users\nnegi\Desktop\Project\IMG\center_2023_02_11_11_17_24_967.jpg,C:\Users\nnegi\Desktop\Project\IMG\left_2023_02_11_11_17_24_967.jpg,C:\Users\nnegi\Desktop\Project\IMG\right_2023_02_11_11_17_24_967.jpg,0,1,0,20.04614
C:\Users\nnegi\Desktop\Project\IMG\center_2023_02_11_11_17_25_041.jpg,C:\Users\nnegi\Desktop\Project\IMG\left_2023_02_11_11_17_25_041.jpg,C:\Users\nnegi\Desktop\Project\IMG\right_2023_02_11_11_17_25_041.jpg,0,1,0,20.6472
C:\Users\nnegi\Desktop\Project\IMG\center_2023_02_11_11_17_25_116.jpg,C:\Users\nnegi\Desktop\Project\IMG\left_2023_02_11_11_17_25_116.jpg,C:\Users\nnegi\Desktop\Project\IMG\right_2023_02_11_11_17_25_116.jpg,0,1,0,21.45035
C:\Users\nnegi\Desktop\Project\IMG\center_2023_02_11_11_17_25_193.jpg,C:\Users\nnegi\Desktop\Project\IMG\left_2023_02_11_11_17_25_193.jpg,C:\Users\nnegi\Desktop\Project\IMG\right_2023_02_11_11_17_25_193.jpg,0,1,0,22.24652
C:\Users\nnegi\Desktop\Project\IMG\center_2023_02_11_11_17_25_289.jpg,C:\Users\nnegi\Desktop\Project\IMG\left_2023_02_11_11_17_25_289.jpg,C:\Users\nnegi\Desktop\Project\IMG\right_2023_02_11_11_17_25_289.jpg,0,1,0,23.23433
C:\Users\nnegi\Desktop\Project\IMG\center_2023_02_11_11_17_25_361.jpg,C:\Users\nnegi\Desktop\Project\IMG\left_2023_02_11_11_17_25_361.jpg,C:\Users\nnegi\Desktop\Project\IMG\right_2023_02_11_11_17_25_361.jpg,0,1,0,23.81823
C:\Users\nnegi\Desktop\Project\IMG\center_2023_02_11_11_17_25_430.jpg,C:\Users\nnegi\Desktop\Project\IMG\left_2023_02_11_11_17_25_430.jpg,C:\Users\nnegi\Desktop\Project\IMG\right_2023_02_11_11_17_25_430.jpg,0,1,0,24.59251
C:\Users\nnegi\Desktop\Project\IMG\center_2023_02_11_11_17_25_498.jpg,C:\Users\nnegi\Desktop\Project\IMG\left_2023_02_11_11_17_25_498.jpg,C:\Users\nnegi\Desktop\Project\IMG\right_2023_02_11_11_17_25_498.jpg,0,0.9330472,0,25.15922
C:\Users\nnegi\Desktop\Project\IMG\center_2023_02_11_11_17_25_575.jpg,C:\Users\nnegi\Desktop\Project\IMG\left_2023_02_11_11_17_25_575.jpg,C:\Users\nnegi\Desktop\Project\IMG\right_2023_02_11_11_17_25_575.jpg,0,0.6732962,0,25.74635
C:\Users\nnegi\Desktop\Project\IMG\center_2023_02_11_11_17_25_647.jpg,C:\Users\nnegi\Desktop\Project\IMG\left_2023_02_11_11_17_25_647.jpg,C:\Users\nnegi\Desktop\Project\IMG\right_2023_02_11_11_17_25_647.jpg,0,0.4574059,0,26.0785
C:\Users\nnegi\Desktop\Project\IMG\center_2023_02_11_11_17_25_720.jpg,C:\Users\nnegi\Desktop\Project\IMG\left_2023_02_11_11_17_25_720.jpg,C:\Users\nnegi\Desktop\Project\IMG\right_2023_02_11_11_17_25_720.jpg,0,0.2676076,0,26.19781
C:\Users\nnegi\Desktop\Project\IMG\center_2023_02_11_11_17_25_796.jpg,C:\Users\nnegi\Desktop\Project\IMG\left_2023_02_11_11_17_25_796.jpg,C:\Users\nnegi\Desktop\Project\IMG\right_2023_02_11_11_17_25_796.jpg,0,0.01094893,0,26.13217
C:\Users\nnegi\Desktop\Project\IMG\center_2023_02_11_11_17_25_865.jpg,C:\Users\nnegi\Desktop\Project\IMG\left_2023_02_11_11_17_25_865.jpg,C:\Users\nnegi\Desktop\Project\IMG\right_2023_02_11_11_17_25_865.jpg,0,0,0,25.9727
C:\Users\nnegi\Desktop\Project\IMG\center_2023_02_11_11_17_25_935.jpg,C:\Users\nnegi\Desktop\Project\IMG\left_2023_02_11_11_17_25_935.jpg,C:\Users\nnegi\Desktop\Project\IMG\right_2023_02_11_11_17_25_935.jpg,0,0,0,25.76419
C:\Users\nnegi\Desktop\Project\IMG\center_2023_02_11_11_17_26_009.jpg,C:\Users\nnegi\Desktop\Project\IMG\left_2023_02_11_11_17_26_009.jpg,C:\Users\nnegi\Desktop\Project\IMG\right_2023_02_11_11_17_26_009.jpg,-0.1,0,0,25.55397
C:\Users\nnegi\Desktop\Project\IMG\center_2023_02_11_11_17_26_078.jpg,C:\Users\nnegi\Desktop\Project\IMG\left_2023_02_11_11_17_26_078.jpg,C:\Users\nnegi\Desktop\Project\IMG\right_2023_02_11_11_17_26_078.jpg,-0.25,0,0,25.37063
C:\Users\nnegi\Desktop\Project\IMG\center_2023_02_11_11_17_26_145.jpg,C:\Users\nnegi\Desktop\Project\IMG\left_2023_02_11_11_17_26_145.jpg,C:\Users\nnegi\Desktop\Project\IMG\right_2023_02_11_11_17_26_145.jpg,-0.4,0,0,25.14716
C:\Users\nnegi\Desktop\Project\IMG\center_2023_02_11_11_17_26_224.jpg,C:\Users\nnegi\Desktop\Project\IMG\left_2023_02_11_11_17_26_224.jpg,C:\Users\nnegi\Desktop\Project\IMG\right_2023_02_11_11_17_26_224.jpg,0,0,0,24.85743
C:\Users\nnegi\Desktop\Project\IMG\center_2023_02_11_11_17_26_298.jpg,C:\Users\nnegi\Desktop\Project\IMG\left_2023_02_11_11_17_26_298.jpg,C:\Users\nnegi\Desktop\Project\IMG\right_2023_02_11_11_17_26_298.jpg,0,0,0,24.64639
C:\Users\nnegi\Desktop\Project\IMG\center_2023_02_11_11_17_26_365.jpg,C:\Users\nnegi\Desktop\Project\IMG\left_2023_02_11_11_17_26_365.jpg,C:\Users\nnegi\Desktop\Project\IMG\right_2023_02_11_11_17_26_365.jpg,0,0,0,24.49565
C:\Users\nnegi\Desktop\Project\IMG\center_2023_02_11_11_17_26_444.jpg,C:\Users\nnegi\Desktop\Project\IMG\left_2023_02_11_11_17_26_444.jpg,C:\Users\nnegi\Desktop\Project\IMG\right_2023_02_11_11_17_26_444.jpg,0,0,0,24.29791
C:\Users\nnegi\Desktop\Project\IMG\center_2023_02_11_11_17_26_521.jpg,C:\Users\nnegi\Desktop\Project\IMG\left_2023_02_11_11_17_26_521.jpg,C:\Users\nnegi\Desktop\Project\IMG\right_2023_02_11_11_17_26_521.jpg,0,0.1109478,0,24.13142
C:\Users\nnegi\Desktop\Project\IMG\center_2023_02_11_11_17_26_596.jpg,C:\Users\nnegi\Desktop\Project\IMG\left_2023_02_11_11_17_26_596.jpg,C:\Users\nnegi\Desktop\Project\IMG\right_2023_02_11_11_17_26_596.jpg,0,0.3735024,0,24.16777
C:\Users\nnegi\Desktop\Project\IMG\center_2023_02_11_11_17_26_673.jpg,C:\Users\nnegi\Desktop\Project\IMG\left_2023_02_11_11_17_26_673.jpg,C:\Users\nnegi\Desktop\Project\IMG\right_2023_02_11_11_17_26_673.jpg,0,0.6046944,0,24.44035
C:\Users\nnegi\Desktop\Project\IMG\center_2023_02_11_11_17_26_745.jpg,C:\Users\nnegi\Desktop\Project\IMG\left_2023_02_11_11_17_26_745.jpg,C:\Users\nnegi\Desktop\Project\IMG\right_2023_02_11_11_17_26_745.jpg,0,0.7926491,0,24.78953
C:\Users\nnegi\Desktop\Project\IMG\center_2023_02_11_11_17_26_818.jpg,C:\Users\nnegi\Desktop\Project\IMG\left_2023_02_11_11_17_26_818.jpg,C:\Users\nnegi\Desktop\Project\IMG\right_2023_02_11_11_17_26_818.jpg,0,1,0,25.45866
C:\Users\nnegi\Desktop\Project\IMG\center_2023_02_11_11_17_26_890.jpg,C:\Users\nnegi\Desktop\Project\IMG\left_2023_02_11_11_17_26_890.jpg,C:\Users\nnegi\Desktop\Project\IMG\right_2023_02_11_11_17_26_890.jpg,0,1,0,26.22505
C:\Users\nnegi\Desktop\Project\IMG\center_2023_02_11_11_17_26_962.jpg,C:\Users\nnegi\Desktop\Project\IMG\left_2023_02_11_11_17_26_962.jpg,C:\Users\nnegi\Desktop\Project\IMG\right_2023_02_11_11_17_26_962.jpg,0,1,0,26.7936
C:\Users\nnegi\Desktop\Project\IMG\center_2023_02_11_11_17_27_039.jpg,C:\Users\nnegi\Desktop\Project\IMG\left_2023_02_11_11_17_27_039.jpg,C:\Users\nnegi\Desktop\Project\IMG\right_2023_02_11_11_17_27_039.jpg,0,1,0,27.54539
C:\Users\nnegi\Desktop\Project\IMG\center_2023_02_11_11_17_27_118.jpg,C:\Users\nnegi\Desktop\Project\IMG\left_2023_02_11_11_17_27_118.jpg,C:\Users\nnegi\Desktop\Project\IMG\right_2023_02_11_11_17_27_118.jpg,0,1,0,28.29113
C:\Users\nnegi\Desktop\Project\IMG\center_2023_02_11_11_17_27_195.jpg,C:\Users\nnegi\Desktop\Project\IMG\left_2023_02_11_11_17_27_195.jpg,C:\Users\nnegi\Desktop\Project\IMG\right_2023_02_11_11_17_27_195.jpg,0,0.7695994,0,28.94838
C:\Users\nnegi\Desktop\Project\IMG\center_2023_02_11_11_17_27_270.jpg,C:\Users\nnegi\Desktop\Project\IMG\left_2023_02_11_11_17_27_270.jpg,C:\Users\nnegi\Desktop\Project\IMG\right_2023_02_11_11_17_27_270.jpg,0,0.5441663,0,29.36056
C:\Users\nnegi\Desktop\Project\IMG\center_2023_02_11_11_17_27_341.jpg,C:\Users\nnegi\Desktop\Project\IMG\left_2023_02_11_11_17_27_341.jpg,C:\Users\nnegi\Desktop\Project\IMG\right_2023_02_11_11_17_27_341.jpg,0,0.3601868,0,29.52012
C:\Users\nnegi\Desktop\Project\IMG\center_2023_02_11_11_17_27_415.jpg,C:\Users\nnegi\Desktop\Project\IMG\left_2023_02_11_11_17_27_415.jpg,C:\Users\nnegi\Desktop\Project\IMG\right_2023_02_11_11_17_27_415.jpg,-0.15,0.1093702,0,29.51081
C:\Users\nnegi\Desktop\Project\IMG\center_2023_02_11_11_17_27_482.jpg,C:\Users\nnegi\Desktop\Project\IMG\left_2023_02_11_11_17_27_482.jpg,C:\Users\nnegi\Desktop\Project\IMG\right_2023_02_11_11_17_27_482.jpg,-0.3,0,0,29.32184
C:\Users\nnegi\Desktop\Project\IMG\center_2023_02_11_11_17_27_549.jpg,C:\Users\nnegi\Desktop\Project\IMG\left_2023_02_11_11_17_27_549.jpg,C:\Users\nnegi\Desktop\Project\IMG\right_2023_02_11_11_17_27_549.jpg,-0.5000001,0,0,28.95171
C:\Users\nnegi\Desktop\Project\IMG\center_2023_02_11_11_17_27_622.jpg,C:\Users\nnegi\Desktop\Project\IMG\left_2023_02_11_11_17_27_622.jpg,C:\Users\nnegi\Desktop\Project\IMG\right_2023_02_11_11_17_27_622.jpg,-0.6500001,0,0,28.61666
C:\Users\nnegi\Desktop\Project\IMG\center_2023_02_11_11_17_27_695.jpg,C:\Users\nnegi\Desktop\Project\IMG\left_2023_02_11_11_17_27_695.jpg,C:\Users\nnegi\Desktop\Project\IMG\right_2023_02_11_11_17_27_695.jpg,-0.8500001,0,0,28.09943
C:\Users\nnegi\Desktop\Project\IMG\center_2023_02_11_11_17_27_771.jpg,C:\Users\nnegi\Desktop\Project\IMG\left_2023_02_11_11_17_27_771.jpg,C:\Users\nnegi\Desktop\Project\IMG\right_2023_02_11_11_17_27_771.jpg,-1,0,0,27.52056
C:\Users\nnegi\Desktop\Project\IMG\center_2023_02_11_11_17_27_838.jpg,C:\Users\nnegi\Desktop\Project\IMG\left_2023_02_11_11_17_27_838.jpg,C:\Users\nnegi\Desktop\Project\IMG\right_2023_02_11_11_17_27_838.jpg,0,0,0,27.27662
C:\Users\nnegi\Desktop\Project\IMG\center_2023_02_11_11_17_27_914.jpg,C:\Users\nnegi\Desktop\Project\IMG\left_2023_02_11_11_17_27_914.jpg,C:\Users\nnegi\Desktop\Project\IMG\right_2023_02_11_11_17_27_914.jpg,0,0,0,26.9961
C:\Users\nnegi\Desktop\Project\IMG\center_2023_02_11_11_17_27_981.jpg,C:\Users\nnegi\Desktop\Project\IMG\left_2023_02_11_11_17_27_981.jpg,C:\Users\nnegi\Desktop\Project\IMG\right_2023_02_11_11_17_27_981.jpg,0,0,0,26.81868
C:\Users\nnegi\Desktop\Project\IMG\center_2023_02_11_11_17_28_051.jpg,C:\Users\nnegi\Desktop\Project\IMG\left_2023_02_11_11_17_28_051.jpg,C:\Users\nnegi\Desktop\Project\IMG\right_2023_02_11_11_17_28_051.jpg,0,0.0693582,0,26.60002
C:\Users\nnegi\Desktop\Project\IMG\center_2023_02_11_11_17_28_117.jpg,C:\Users\nnegi\Desktop\Project\IMG\left_2023_02_11_11_17_28_117.jpg,C:\Users\nnegi\Desktop\Project\IMG\right_2023_02_11_11_17_28_117.jpg,0,0.2707806,0,26.55673
C:\Users\nnegi\Desktop\Project\IMG\center_2023_02_11_11_17_28_244.jpg,C:\Users\nnegi\Desktop\Project\IMG\left_2023_02_11_11_17_28_244.jpg,C:\Users\nnegi\Desktop\Project\IMG\right_2023_02_11_11_17_28_244.jpg,0,0.6403425,0,27.02711
C:\Users\nnegi\Desktop\Project\IMG\center_2023_02_11_11_17_28_307.jpg,C:\Users\nnegi\Desktop\Project\IMG\left_2023_02_11_11_17_28_307.jpg,C:\Users\nnegi\Desktop\Project\IMG\right_2023_02_11_11_17_28_307.jpg,0,0.8404173,0,27.52634
C:\Users\nnegi\Desktop\Project\IMG\center_2023_02_11_11_17_28_379.jpg,C:\Users\nnegi\Desktop\Project\IMG\left_2023_02_11_11_17_28_379.jpg,C:\Users\nnegi\Desktop\Project\IMG\right_2023_02_11_11_17_28_379.jpg,0,1,0,28.0327
C:\Users\nnegi\Desktop\Project\IMG\center_2023_02_11_11_17_28_450.jpg,C:\Users\nnegi\Desktop\Project\IMG\left_2023_02_11_11_17_28_450.jpg,C:\Users\nnegi\Desktop\Project\IMG\right_2023_02_11_11_17_28_450.jpg,0,1,0,28.77261
C:\Users\nnegi\Desktop\Project\IMG\center_2023_02_11_11_17_28_520.jpg,C:\Users\nnegi\Desktop\Project\IMG\left_2023_02_11_11_17_28_520.jpg,C:\Users\nnegi\Desktop\Project\IMG\right_2023_02_11_11_17_28_520.jpg,0,1,0,29.32568
C:\Users\nnegi\Desktop\Project\IMG\center_2023_02_11_11_17_28_596.jpg,C:\Users\nnegi\Desktop\Project\IMG\left_2023_02_11_11_17_28_596.jpg,C:\Users\nnegi\Desktop\Project\IMG\right_2023_02_11_11_17_28_596.jpg,0,1,0,30.05534
C:\Users\nnegi\Desktop\Project\IMG\center_2023_02_11_11_17_28_675.jpg,C:\Users\nnegi\Desktop\Project\IMG\left_2023_02_11_11_17_28_675.jpg,C:\Users\nnegi\Desktop\Project\IMG\right_2023_02_11_11_17_28_675.jpg,0,1,0,30.19066
C:\Users\nnegi\Desktop\Project\IMG\center_2023_02_11_11_17_28_753.jpg,C:\Users\nnegi\Desktop\Project\IMG\left_2023_02_11_11_17_28_753.jpg,C:\Users\nnegi\Desktop\Project\IMG\right_2023_02_11_11_17_28_753.jpg,0,1,0,30.19009
C:\Users\nnegi\Desktop\Project\IMG\center_2023_02_11_11_17_28_821.jpg,C:\Users\nnegi\Desktop\Project\IMG\left_2023_02_11_11_17_28_821.jpg,C:\Users\nnegi\Desktop\Project\IMG\right_2023_02_11_11_17_28_821.jpg,0,1,0,30.18998
C:\Users\nnegi\Desktop\Project\IMG\center_2023_02_11_11_17_28_891.jpg,C:\Users\nnegi\Desktop\Project\IMG\left_2023_02_11_11_17_28_891.jpg,C:\Users\nnegi\Desktop\Project\IMG\right_2023_02_11_11_17_28_891.jpg,0,0.7515355,0,30.14246
C:\Users\nnegi\Desktop\Project\IMG\center_2023_02_11_11_17_28_959.jpg,C:\Users\nnegi\Desktop\Project\IMG\left_2023_02_11_11_17_28_959.jpg,C:\Users\nnegi\Desktop\Project\IMG\right_2023_02_11_11_17_28_959.jpg,0,0.548407,0,30.09477
C:\Users\nnegi\Desktop\Project\IMG\center_2023_02_11_11_17_29_039.jpg,C:\Users\nnegi\Desktop\Project\IMG\left_2023_02_11_11_17_29_039.jpg,C:\Users\nnegi\Desktop\Project\IMG\right_2023_02_11_11_17_29_039.jpg,0,0.3087247,0,30.03467
C:\Users\nnegi\Desktop\Project\IMG\center_2023_02_11_11_17_29_109.jpg,C:\Users\nnegi\Desktop\Project\IMG\left_2023_02_11_11_17_29_109.jpg,C:\Users\nnegi\Desktop\Project\IMG\right_2023_02_11_11_17_29_109.jpg,0,0.09695683,0,29.9565
C:\Users\nnegi\Desktop\Project\IMG\center_2023_02_11_11_17_29_182.jpg,C:\Users\nnegi\Desktop\Project\IMG\left_2023_02_11_11_17_29_182.jpg,C:\Users\nnegi\Desktop\Project\IMG\right_2023_02_11_11_17_29_182.jpg,0,0,0,29.79411
C:\Users\nnegi\Desktop\Project\IMG\center_2023_02_11_11_17_29_253.jpg,C:\Users\nnegi\Desktop\Project\IMG\left_2023_02_11_11_17_29_253.jpg,C:\Users\nnegi\Desktop\Project\IMG\right_2023_02_11_11_17_29_253.jpg,0,0,0,29.55276
C:\Users\nnegi\Desktop\Project\IMG\center_2023_02_11_11_17_29_321.jpg,C:\Users\nnegi\Desktop\Project\IMG\left_2023_02_11_11_17_29_321.jpg,C:\Users\nnegi\Desktop\Project\IMG\right_2023_02_11_11_17_29_321.jpg,0,0,0,29.37342
C:\Users\nnegi\Desktop\Project\IMG\center_2023_02_11_11_17_29_396.jpg,C:\Users\nnegi\Desktop\Project\IMG\left_2023_02_11_11_17_29_396.jpg,C:\Users\nnegi\Desktop\Project\IMG\right_2023_02_11_11_17_29_396.jpg,0,0,0,29.13697
C:\Users\nnegi\Desktop\Project\IMG\center_2023_02_11_11_17_29_472.jpg,C:\Users\nnegi\Desktop\Project\IMG\left_2023_02_11_11_17_29_472.jpg,C:\Users\nnegi\Desktop\Project\IMG\right_2023_02_11_11_17_29_472.jpg,0,0,0,28.90263
C:\Users\nnegi\Desktop\Project\IMG\center_2023_02_11_11_17_29_541.jpg,C:\Users\nnegi\Desktop\Project\IMG\left_2023_02_11_11_17_29_541.jpg,C:\Users\nnegi\Desktop\Project\IMG\right_2023_02_11_11_17_29_541.jpg,0,0,0,28.72805
C:\Users\nnegi\Desktop\Project\IMG\center_2023_02_11_11_17_29_613.jpg,C:\Users\nnegi\Desktop\Project\IMG\left_2023_02_11_11_17_29_613.jpg,C:\Users\nnegi\Desktop\Project\IMG\right_2023_02_11_11_17_29_613.jpg,0,0,0,28.49737
C:\Users\nnegi\Desktop\Project\IMG\center_2023_02_11_11_17_29_683.jpg,C:\Users\nnegi\Desktop\Project\IMG\left_2023_02_11_11_17_29_683.jpg,C:\Users\nnegi\Desktop\Project\IMG\right_2023_02_11_11_17_29_683.jpg,0,0,0,28.32586
C:\Users\nnegi\Desktop\Project\IMG\center_2023_02_11_11_17_29_762.jpg,C:\Users\nnegi\Desktop\Project\IMG\left_2023_02_11_11_17_29_762.jpg,C:\Users\nnegi\Desktop\Project\IMG\right_2023_02_11_11_17_29_762.jpg,0,0,0,28.09881
C:\Users\nnegi\Desktop\Project\IMG\center_2023_02_11_11_17_29_829.jpg,C:\Users\nnegi\Desktop\Project\IMG\left_2023_02_11_11_17_29_829.jpg,C:\Users\nnegi\Desktop\Project\IMG\right_2023_02_11_11_17_29_829.jpg,0,0,0,27.87361
C:\Users\nnegi\Desktop\Project\IMG\center_2023_02_11_11_17_29_900.jpg,C:\Users\nnegi\Desktop\Project\IMG\left_2023_02_11_11_17_29_900.jpg,C:\Users\nnegi\Desktop\Project\IMG\right_2023_02_11_11_17_29_900.jpg,0,0,0,27.70591
C:\Users\nnegi\Desktop\Project\IMG\center_2023_02_11_11_17_29_973.jpg,C:\Users\nnegi\Desktop\Project\IMG\left_2023_02_11_11_17_29_973.jpg,C:\Users\nnegi\Desktop\Project\IMG\right_2023_02_11_11_17_29_973.jpg,0,0,0,27.48387
C:\Users\nnegi\Desktop\Project\IMG\center_2023_02_11_11_17_30_045.jpg,C:\Users\nnegi\Desktop\Project\IMG\left_2023_02_11_11_17_30_045.jpg,C:\Users\nnegi\Desktop\Project\IMG\right_2023_02_11_11_17_30_045.jpg,0,0,0,27.31852
C:\Users\nnegi\Desktop\Project\IMG\center_2023_02_11_11_17_30_124.jpg,C:\Users\nnegi\Desktop\Project\IMG\left_2023_02_11_11_17_30_124.jpg,C:\Users\nnegi\Desktop\Project\IMG\right_2023_02_11_11_17_30_124.jpg,0,0,0,27.0996
C:\Users\nnegi\Desktop\Project\IMG\center_2023_02_11_11_17_30_201.jpg,C:\Users\nnegi\Desktop\Project\IMG\left_2023_02_11_11_17_30_201.jpg,C:\Users\nnegi\Desktop\Project\IMG\right_2023_02_11_11_17_30_201.jpg,0,0,0,26.88244
C:\Users\nnegi\Desktop\Project\IMG\center_2023_02_11_11_17_30_278.jpg,C:\Users\nnegi\Desktop\Project\IMG\left_2023_02_11_11_17_30_278.jpg,C:\Users\nnegi\Desktop\Project\IMG\right_2023_02_11_11_17_30_278.jpg,0,0,0,26.66703
C:\Users\nnegi\Desktop\Project\IMG\center_2023_02_11_11_17_30_357.jpg,C:\Users\nnegi\Desktop\Project\IMG\left_2023_02_11_11_17_30_357.jpg,C:\Users\nnegi\Desktop\Project\IMG\right_2023_02_11_11_17_30_357.jpg,0,0,0,26.45335
C:\Users\nnegi\Desktop\Project\IMG\center_2023_02_11_11_17_30_423.jpg,C:\Users\nnegi\Desktop\Project\IMG\left_2023_02_11_11_17_30_423.jpg,C:\Users\nnegi\Desktop\Project\IMG\right_2023_02_11_11_17_30_423.jpg,0,0,0,26.29457
C:\Users\nnegi\Desktop\Project\IMG\center_2023_02_11_11_17_30_501.jpg,C:\Users\nnegi\Desktop\Project\IMG\left_2023_02_11_11_17_30_501.jpg,C:\Users\nnegi\Desktop\Project\IMG\right_2023_02_11_11_17_30_501.jpg,0,0,0,26.08512
C:\Users\nnegi\Desktop\Project\IMG\center_2023_02_11_11_17_30_570.jpg,C:\Users\nnegi\Desktop\Project\IMG\left_2023_02_11_11_17_30_570.jpg,C:\Users\nnegi\Desktop\Project\IMG\right_2023_02_11_11_17_30_570.jpg,-0.1,0,0,25.87393
C:\Users\nnegi\Desktop\Project\IMG\center_2023_02_11_11_17_30_639.jpg,C:\Users\nnegi\Desktop\Project\IMG\left_2023_02_11_11_17_30_639.jpg,C:\Users\nnegi\Desktop\Project\IMG\right_2023_02_11_11_17_30_639.jpg,-0.25,0,0,25.6888
C:\Users\nnegi\Desktop\Project\IMG\center_2023_02_11_11_17_30_716.jpg,C:\Users\nnegi\Desktop\Project\IMG\left_2023_02_11_11_17_30_716.jpg,C:\Users\nnegi\Desktop\Project\IMG\right_2023_02_11_11_17_30_716.jpg,-0.45,0,0,25.37654
C:\Users\nnegi\Desktop\Project\IMG\center_2023_02_11_11_17_30_785.jpg,C:\Users\nnegi\Desktop\Project\IMG\left_2023_02_11_11_17_30_785.jpg,C:\Users\nnegi\Desktop\Project\IMG\right_2023_02_11_11_17_30_785.jpg,-0.6000001,0,0,25.09226
C:\Users\nnegi\Desktop\Project\IMG\center_2023_02_11_11_17_30_854.jpg,C:\Users\nnegi\Desktop\Project\IMG\left_2023_02_11_11_17_30_854.jpg,C:\Users\nnegi\Desktop\Project\IMG\right_2023_02_11_11_17_30_854.jpg,0,0,0,24.69747
C:\Users\nnegi\Desktop\Project\IMG\center_2023_02_11_11_17_30_937.jpg,C:\Users\nnegi\Desktop\Project\IMG\left_2023_02_11_11_17_30_937.jpg,C:\Users\nnegi\Desktop\Project\IMG\right_2023_02_11_11_17_30_937.jpg,0,0,0,24.44818
C:\Users\nnegi\Desktop\Project\IMG\center_2023_02_11_11_17_31_012.jpg,C:\Users\nnegi\Desktop\Project\IMG\left_2023_02_11_11_17_31_012.jpg,C:\Users\nnegi\Desktop\Project\IMG\right_2023_02_11_11_17_31_012.jpg,0,0,0,24.24016
C:\Users\nnegi\Desktop\Project\IMG\center_2023_02_11_11_17_31_087.jpg,C:\Users\nnegi\Desktop\Project\IMG\left_2023_02_11_11_17_31_087.jpg,C:\Users\nnegi\Desktop\Project\IMG\right_2023_02_11_11_17_31_087.jpg,0,0,0,24.09057
C:\Users\nnegi\Desktop\Project\IMG\center_2023_02_11_11_17_31_154.jpg,C:\Users\nnegi\Desktop\Project\IMG\left_2023_02_11_11_17_31_154.jpg,C:\Users\nnegi\Desktop\Project\IMG\right_2023_02_11_11_17_31_154.jpg,0,0.2036703,0,23.97355
C:\Users\nnegi\Desktop\Project\IMG\center_2023_02_11_11_17_31_222.jpg,C:\Users\nnegi\Desktop\Project\IMG\left_2023_02_11_11_17_31_222.jpg,C:\Users\nnegi\Desktop\Project\IMG\right_2023_02_11_11_17_31_222.jpg,0,0.3760296,0,24.03547
C:\Users\nnegi\Desktop\Project\IMG\center_2023_02_11_11_17_31_292.jpg,C:\Users\nnegi\Desktop\Project\IMG\left_2023_02_11_11_17_31_292.jpg,C:\Users\nnegi\Desktop\Project\IMG\right_2023_02_11_11_17_31_292.jpg,0,0.6159032,0,24.3196
C:\Users\nnegi\Desktop\Project\IMG\center_2023_02_11_11_17_31_359.jpg,C:\Users\nnegi\Desktop\Project\IMG\left_2023_02_11_11_17_31_359.jpg,C:\Users\nnegi\Desktop\Project\IMG\right_2023_02_11_11_17_31_359.jpg,0,0.7888384,0,24.69271
C:\Users\nnegi\Desktop\Project\IMG\center_2023_02_11_11_17_31_438.jpg,C:\Users\nnegi\Desktop\Project\IMG\left_2023_02_11_11_17_31_438.jpg,C:\Users\nnegi\Desktop\Project\IMG\right_2023_02_11_11_17_31_438.jpg,0,1,0,25.37498
C:\Users\nnegi\Desktop\Project\IMG\center_2023_02_11_11_17_31_514.jpg,C:\Users\nnegi\Desktop\Project\IMG\left_2023_02_11_11_17_31_514.jpg,C:\Users\nnegi\Desktop\Project\IMG\right_2023_02_11_11_17_31_514.jpg,0,1,0,26.13671
C:\Users\nnegi\Desktop\Project\IMG\center_2023_02_11_11_17_31_591.jpg,C:\Users\nnegi\Desktop\Project\IMG\left_2023_02_11_11_17_31_591.jpg,C:\Users\nnegi\Desktop\Project\IMG\right_2023_02_11_11_17_31_591.jpg,0,1,0,26.89348
C:\Users\nnegi\Desktop\Project\IMG\center_2023_02_11_11_17_31_658.jpg,C:\Users\nnegi\Desktop\Project\IMG\left_2023_02_11_11_17_31_658.jpg,C:\Users\nnegi\Desktop\Project\IMG\right_2023_02_11_11_17_31_658.jpg,0,1,0,27.45697
C:\Users\nnegi\Desktop\Project\IMG\center_2023_02_11_11_17_31_733.jpg,C:\Users\nnegi\Desktop\Project\IMG\left_2023_02_11_11_17_31_733.jpg,C:\Users\nnegi\Desktop\Project\IMG\right_2023_02_11_11_17_31_733.jpg,0,1,0,28.20521
C:\Users\nnegi\Desktop\Project\IMG\center_2023_02_11_11_17_31_809.jpg,C:\Users\nnegi\Desktop\Project\IMG\left_2023_02_11_11_17_31_809.jpg,C:\Users\nnegi\Desktop\Project\IMG\right_2023_02_11_11_17_31_809.jpg,0,1,0,28.9449
C:\Users\nnegi\Desktop\Project\IMG\center_2023_02_11_11_17_31_883.jpg,C:\Users\nnegi\Desktop\Project\IMG\left_2023_02_11_11_17_31_883.jpg,C:\Users\nnegi\Desktop\Project\IMG\right_2023_02_11_11_17_31_883.jpg,0,0.8096429,0,29.43997
C:\Users\nnegi\Desktop\Project\IMG\center_2023_02_11_11_17_31_956.jpg,C:\Users\nnegi\Desktop\Project\IMG\left_2023_02_11_11_17_31_956.jpg,C:\Users\nnegi\Desktop\Project\IMG\right_2023_02_11_11_17_31_956.jpg,0,0.558455,0,29.88086
C:\Users\nnegi\Desktop\Project\IMG\center_2023_02_11_11_17_32_029.jpg,C:\Users\nnegi\Desktop\Project\IMG\left_2023_02_11_11_17_32_029.jpg,C:\Users\nnegi\Desktop\Project\IMG\right_2023_02_11_11_17_32_029.jpg,0,0.3404612,0,30.0346
C:\Users\nnegi\Desktop\Project\IMG\center_2023_02_11_11_17_32_097.jpg,C:\Users\nnegi\Desktop\Project\IMG\left_2023_02_11_11_17_32_097.jpg,C:\Users\nnegi\Desktop\Project\IMG\right_2023_02_11_11_17_32_097.jpg,0,0.1379544,0,29.98687
C:\Users\nnegi\Desktop\Project\IMG\center_2023_02_11_11_17_32_177.jpg,C:\Users\nnegi\Desktop\Project\IMG\left_2023_02_11_11_17_32_177.jpg,C:\Users\nnegi\Desktop\Project\IMG\right_2023_02_11_11_17_32_177.jpg,-0.15,0,0,29.78346
C:\Users\nnegi\Desktop\Project\IMG\center_2023_02_11_11_17_32_245.jpg,C:\Users\nnegi\Desktop\Project\IMG\left_2023_02_11_11_17_32_245.jpg,C:\Users\nnegi\Desktop\Project\IMG\right_2023_02_11_11_17_32_245.jpg,-0.3,0,0,29.55751
C:\Users\nnegi\Desktop\Project\IMG\center_2023_02_11_11_17_32_322.jpg,C:\Users\nnegi\Desktop\Project\IMG\left_2023_02_11_11_17_32_322.jpg,C:\Users\nnegi\Desktop\Project\IMG\right_2023_02_11_11_17_32_322.jpg,-0.5000001,0,0,29.18353
C:\Users\nnegi\Desktop\Project\IMG\center_2023_02_11_11_17_32_400.jpg,C:\Users\nnegi\Desktop\Project\IMG\left_2023_02_11_11_17_32_400.jpg,C:\Users\nnegi\Desktop\Project\IMG\right_2023_02_11_11_17_32_400.jpg,-0.7,0,0,28.72319
C:\Users\nnegi\Desktop\Project\IMG\center_2023_02_11_11_17_32_475.jpg,C:\Users\nnegi\Desktop\Project\IMG\left_2023_02_11_11_17_32_475.jpg,C:\Users\nnegi\Desktop\Project\IMG\right_2023_02_11_11_17_32_475.jpg,-0.9000002,0,0,28.18413
C:\Users\nnegi\Desktop\Project\IMG\center_2023_02_11_11_17_32_551.jpg,C:\Users\nnegi\Desktop\Project\IMG\left_2023_02_11_11_17_32_551.jpg,C:\Users\nnegi\Desktop\Project\IMG\right_2023_02_11_11_17_32_551.jpg,0,0,0,27.87017
C:\Users\nnegi\Desktop\Project\IMG\center_2023_02_11_11_17_32_618.jpg,C:\Users\nnegi\Desktop\Project\IMG\left_2023_02_11_11_17_32_618.jpg,C:\Users\nnegi\Desktop\Project\IMG\right_2023_02_11_11_17_32_618.jpg,0,0,0,27.68179
C:\Users\nnegi\Desktop\Project\IMG\center_2023_02_11_11_17_32_690.jpg,C:\Users\nnegi\Desktop\Project\IMG\left_2023_02_11_11_17_32_690.jpg,C:\Users\nnegi\Desktop\Project\IMG\right_2023_02_11_11_17_32_690.jpg,0,0,0,27.45046
C:\Users\nnegi\Desktop\Project\IMG\center_2023_02_11_11_17_32_764.jpg,C:\Users\nnegi\Desktop\Project\IMG\left_2023_02_11_11_17_32_764.jpg,C:\Users\nnegi\Desktop\Project\IMG\right_2023_02_11_11_17_32_764.jpg,0,0.0352044,0,27.28259
C:\Users\nnegi\Desktop\Project\IMG\center_2023_02_11_11_17_32_838.jpg,C:\Users\nnegi\Desktop\Project\IMG\left_2023_02_11_11_17_32_838.jpg,C:\Users\nnegi\Desktop\Project\IMG\right_2023_02_11_11_17_32_838.jpg,0,0.2526948,0,27.20575
C:\Users\nnegi\Desktop\Project\IMG\center_2023_02_11_11_17_32_915.jpg,C:\Users\nnegi\Desktop\Project\IMG\left_2023_02_11_11_17_32_915.jpg,C:\Users\nnegi\Desktop\Project\IMG\right_2023_02_11_11_17_32_915.jpg,0,0.516873,0,27.35959
C:\Users\nnegi\Desktop\Project\IMG\center_2023_02_11_11_17_32_989.jpg,C:\Users\nnegi\Desktop\Project\IMG\left_2023_02_11_11_17_32_989.jpg,C:\Users\nnegi\Desktop\Project\IMG\right_2023_02_11_11_17_32_989.jpg,0,0.7359156,0,27.73266
C:\Users\nnegi\Desktop\Project\IMG\center_2023_02_11_11_17_33_061.jpg,C:\Users\nnegi\Desktop\Project\IMG\left_2023_02_11_11_17_33_061.jpg,C:\Users\nnegi\Desktop\Project\IMG\right_2023_02_11_11_17_33_061.jpg,0,0.924494,0,28.15944
C:\Users\nnegi\Desktop\Project\IMG\center_2023_02_11_11_17_33_137.jpg,C:\Users\nnegi\Desktop\Project\IMG\left_2023_02_11_11_17_33_137.jpg,C:\Users\nnegi\Desktop\Project\IMG\right_2023_02_11_11_17_33_137.jpg,0,1,0,28.8861
C:\Users\nnegi\Desktop\Project\IMG\center_2023_02_11_11_17_33_213.jpg,C:\Users\nnegi\Desktop\Project\IMG\left_2023_02_11_11_17_33_213.jpg,C:\Users\nnegi\Desktop\Project\IMG\right_2023_02_11_11_17_33_213.jpg,0,0.8094676,0,29.56445
C:\Users\nnegi\Desktop\Project\IMG\center_2023_02_11_11_17_33_283.jpg,C:\Users\nnegi\Desktop\Project\IMG\left_2023_02_11_11_17_33_283.jpg,C:\Users\nnegi\Desktop\Project\IMG\right_2023_02_11_11_17_33_283.jpg,0,0.6401347,0,29.91359
C:\Users\nnegi\Desktop\Project\IMG\center_2023_02_11_11_17_33_356.jpg,C:\Users\nnegi\Desktop\Project\IMG\left_2023_02_11_11_17_33_356.jpg,C:\Users\nnegi\Desktop\Project\IMG\right_2023_02_11_11_17_33_356.jpg,0,0.3891295,0,30.0441
C:\Users\nnegi\Desktop\Project\IMG\center_2023_02_11_11_17_33_424.jpg,C:\Users\nnegi\Desktop\Project\IMG\left_2023_02_11_11_17_33_424.jpg,C:\Users\nnegi\Desktop\Project\IMG\right_2023_02_11_11_17_33_424.jpg,0,0.2195956,0,29.99516
C:\Users\nnegi\Desktop\Project\IMG\center_2023_02_11_11_17_33_496.jpg,C:\Users\nnegi\Desktop\Project\IMG\left_2023_02_11_11_17_33_496.jpg,C:\Users\nnegi\Desktop\Project\IMG\right_2023_02_11_11_17_33_496.jpg,0,0,0,29.85892
C:\Users\nnegi\Desktop\Project\IMG\center_2023_02_11_11_17_33_568.jpg,C:\Users\nnegi\Desktop\Project\IMG\left_2023_02_11_11_17_33_568.jpg,C:\Users\nnegi\Desktop\Project\IMG\right_2023_02_11_11_17_33_568.jpg,0,0,0,29.61685
C:\Users\nnegi\Desktop\Project\IMG\center_2023_02_11_11_17_33_642.jpg,C:\Users\nnegi\Desktop\Project\IMG\left_2023_02_11_11_17_33_642.jpg,C:\Users\nnegi\Desktop\Project\IMG\right_2023_02_11_11_17_33_642.jpg,0,0,0,29.43688
C:\Users\nnegi\Desktop\Project\IMG\center_2023_02_11_11_17_33_717.jpg,C:\Users\nnegi\Desktop\Project\IMG\left_2023_02_11_11_17_33_717.jpg,C:\Users\nnegi\Desktop\Project\IMG\right_2023_02_11_11_17_33_717.jpg,0.2,0,0,29.18063
C:\Users\nnegi\Desktop\Project\IMG\center_2023_02_11_11_17_33_792.jpg,C:\Users\nnegi\Desktop\Project\IMG\left_2023_02_11_11_17_33_792.jpg,C:\Users\nnegi\Desktop\Project\IMG\right_2023_02_11_11_17_33_792.jpg,0.4,0,0,28.85603
C:\Users\nnegi\Desktop\Project\IMG\center_2023_02_11_11_17_33_867.jpg,C:\Users\nnegi\Desktop\Project\IMG\left_2023_02_11_11_17_33_867.jpg,C:\Users\nnegi\Desktop\Project\IMG\right_2023_02_11_11_17_33_867.jpg,0.5500001,0,0,28.55737
C:\Users\nnegi\Desktop\Project\IMG\center_2023_02_11_11_17_33_938.jpg,C:\Users\nnegi\Desktop\Project\IMG\left_2023_02_11_11_17_33_938.jpg,C:\Users\nnegi\Desktop\Project\IMG\right_2023_02_11_11_17_33_938.jpg,0,0,0,28.189
C:\Users\nnegi\Desktop\Project\IMG\center_2023_02_11_11_17_34_012.jpg,C:\Users\nnegi\Desktop\Project\IMG\left_2023_02_11_11_17_34_012.jpg,C:\Users\nnegi\Desktop\Project\IMG\right_2023_02_11_11_17_34_012.jpg,0,0,0,27.9417
C:\Users\nnegi\Desktop\Project\IMG\center_2023_02_11_11_17_34_083.jpg,C:\Users\nnegi\Desktop\Project\IMG\left_2023_02_11_11_17_34_083.jpg,C:\Users\nnegi\Desktop\Project\IMG\right_2023_02_11_11_17_34_083.jpg,0,0,0,27.76974
C:\Users\nnegi\Desktop\Project\IMG\center_2023_02_11_11_17_34_155.jpg,C:\Users\nnegi\Desktop\Project\IMG\left_2023_02_11_11_17_34_155.jpg,C:\Users\nnegi\Desktop\Project\IMG\right_2023_02_11_11_17_34_155.jpg,0,0,0,27.54653
C:\Users\nnegi\Desktop\Project\IMG\center_2023_02_11_11_17_34_228.jpg,C:\Users\nnegi\Desktop\Project\IMG\left_2023_02_11_11_17_34_228.jpg,C:\Users\nnegi\Desktop\Project\IMG\right_2023_02_11_11_17_34_228.jpg,0,0,0,27.32685
C:\Users\nnegi\Desktop\Project\IMG\center_2023_02_11_11_17_34_300.jpg,C:\Users\nnegi\Desktop\Project\IMG\left_2023_02_11_11_17_34_300.jpg,C:\Users\nnegi\Desktop\Project\IMG\right_2023_02_11_11_17_34_300.jpg,0,0,0,27.16353
C:\Users\nnegi\Desktop\Project\IMG\center_2023_02_11_11_17_34_373.jpg,C:\Users\nnegi\Desktop\Project\IMG\left_2023_02_11_11_17_34_373.jpg,C:\Users\nnegi\Desktop\Project\IMG\right_2023_02_11_11_17_34_373.jpg,0,0,0,26.9474
C:\Users\nnegi\Desktop\Project\IMG\center_2023_02_11_11_17_34_452.jpg,C:\Users\nnegi\Desktop\Project\IMG\left_2023_02_11_11_17_34_452.jpg,C:\Users\nnegi\Desktop\Project\IMG\right_2023_02_11_11_17_34_452.jpg,0,0,0,26.73307
C:\Users\nnegi\Desktop\Project\IMG\center_2023_02_11_11_17_34_524.jpg,C:\Users\nnegi\Desktop\Project\IMG\left_2023_02_11_11_17_34_524.jpg,C:\Users\nnegi\Desktop\Project\IMG\right_2023_02_11_11_17_34_524.jpg,0,0,0,26.57348
C:\Users\nnegi\Desktop\Project\IMG\center_2023_02_11_11_17_34_596.jpg,C:\Users\nnegi\Desktop\Project\IMG\left_2023_02_11_11_17_34_596.jpg,C:\Users\nnegi\Desktop\Project\IMG\right_2023_02_11_11_17_34_596.jpg,0,0,0,26.3622
C:\Users\nnegi\Desktop\Project\IMG\center_2023_02_11_11_17_34_675.jpg,C:\Users\nnegi\Desktop\Project\IMG\left_2023_02_11_11_17_34_675.jpg,C:\Users\nnegi\Desktop\Project\IMG\right_2023_02_11_11_17_34_675.jpg,0,0,0,26.15131
C:\Users\nnegi\Desktop\Project\IMG\center_2023_02_11_11_17_34_740.jpg,C:\Users\nnegi\Desktop\Project\IMG\left_2023_02_11_11_17_34_740.jpg,C:\Users\nnegi\Desktop\Project\IMG\right_2023_02_11_11_17_34_740.jpg,0,0.0966084,0,26.00592
C:\Users\nnegi\Desktop\Project\IMG\center_2023_02_11_11_17_34_814.jpg,C:\Users\nnegi\Desktop\Project\IMG\left_2023_02_11_11_17_34_814.jpg,C:\Users\nnegi\Desktop\Project\IMG\right_2023_02_11_11_17_34_814.jpg,0,0.3454557,0,26.00371
C:\Users\nnegi\Desktop\Project\IMG\center_2023_02_11_11_17_34_887.jpg,C:\Users\nnegi\Desktop\Project\IMG\left_2023_02_11_11_17_34_887.jpg,C:\Users\nnegi\Desktop\Project\IMG\right_2023_02_11_11_17_34_887.jpg,0,0.5646534,0,26.2447
C:\Users\nnegi\Desktop\Project\IMG\center_2023_02_11_11_17_34_958.jpg,C:\Users\nnegi\Desktop\Project\IMG\left_2023_02_11_11_17_34_958.jpg,C:\Users\nnegi\Desktop\Project\IMG\right_2023_02_11_11_17_34_958.jpg,0,0.7517598,0,26.55515
C:\Users\nnegi\Desktop\Project\IMG\center_2023_02_11_11_17_35_030.jpg,C:\Users\nnegi\Desktop\Project\IMG\left_2023_02_11_11_17_35_030.jpg,C:\Users\nnegi\Desktop\Project\IMG\right_2023_02_11_11_17_35_030.jpg,0,0.9940802,0,27.17582
C:\Users\nnegi\Desktop\Project\IMG\center_2023_02_11_11_17_35_101.jpg,C:\Users\nnegi\Desktop\Project\IMG\left_2023_02_11_11_17_35_101.jpg,C:\Users\nnegi\Desktop\Project\IMG\right_2023_02_11_11_17_35_101.jpg,0,1,0,27.74049
C:\Users\nnegi\Desktop\Project\IMG\center_2023_02_11_11_17_35_171.jpg,C:\Users\nnegi\Desktop\Project\IMG\left_2023_02_11_11_17_35_171.jpg,C:\Users\nnegi\Desktop\Project\IMG\right_2023_02_11_11_17_35_171.jpg,0,0.7917217,0,28.39784
C:\Users\nnegi\Desktop\Project\IMG\center_2023_02_11_11_17_35_244.jpg,C:\Users\nnegi\Desktop\Project\IMG\left_2023_02_11_11_17_35_244.jpg,C:\Users\nnegi\Desktop\Project\IMG\right_2023_02_11_11_17_35_244.jpg,0,0.5994852,0,28.74097
C:\Users\nnegi\Desktop\Project\IMG\center_2023_02_11_11_17_35_318.jpg,C:\Users\nnegi\Desktop\Project\IMG\left_2023_02_11_11_17_35_318.jpg,C:\Users\nnegi\Desktop\Project\IMG\right_2023_02_11_11_17_35_318.jpg,0,0.3797577,0,28.99242
C:\Users\nnegi\Desktop\Project\IMG\center_2023_02_11_11_17_35_391.jpg,C:\Users\nnegi\Desktop\Project\IMG\left_2023_02_11_11_17_35_391.jpg,C:\Users\nnegi\Desktop\Project\IMG\right_2023_02_11_11_17_35_391.jpg,0,0.1310436,0,29.01702
C:\Users\nnegi\Desktop\Project\IMG\center_2023_02_11_11_17_35_467.jpg,C:\Users\nnegi\Desktop\Project\IMG\left_2023_02_11_11_17_35_467.jpg,C:\Users\nnegi\Desktop\Project\IMG\right_2023_02_11_11_17_35_467.jpg,0,0,0,28.81959
C:\Users\nnegi\Desktop\Project\IMG\center_2023_02_11_11_17_35_539.jpg,C:\Users\nnegi\Desktop\Project\IMG\left_2023_02_11_11_17_35_539.jpg,C:\Users\nnegi\Desktop\Project\IMG\right_2023_02_11_11_17_35_539.jpg,0,0,0,28.64332
C:\Users\nnegi\Desktop\Project\IMG\center_2023_02_11_11_17_35_608.jpg,C:\Users\nnegi\Desktop\Project\IMG\left_2023_02_11_11_17_35_608.jpg,C:\Users\nnegi\Desktop\Project\IMG\right_2023_02_11_11_17_35_608.jpg,0,0.0754263,0,28.42408
C:\Users\nnegi\Desktop\Project\IMG\center_2023_02_11_11_17_35_680.jpg,C:\Users\nnegi\Desktop\Project\IMG\left_2023_02_11_11_17_35_680.jpg,C:\Users\nnegi\Desktop\Project\IMG\right_2023_02_11_11_17_35_680.jpg,0,0.2905947,0,28.36927
C:\Users\nnegi\Desktop\Project\IMG\center_2023_02_11_11_17_35_755.jpg,C:\Users\nnegi\Desktop\Project\IMG\left_2023_02_11_11_17_35_755.jpg,C:\Users\nnegi\Desktop\Project\IMG\right_2023_02_11_11_17_35_755.jpg,0,0.3547848,0,28.50352
C:\Users\nnegi\Desktop\Project\IMG\center_2023_02_11_11_17_35_831.jpg,C:\Users\nnegi\Desktop\Project\IMG\left_2023_02_11_11_17_35_831.jpg,C:\Users\nnegi\Desktop\Project\IMG\right_2023_02_11_11_17_35_831.jpg,0,0.1274607,0,28.51734
C:\Users\nnegi\Desktop\Project\IMG\center_2023_02_11_11_17_35_898.jpg,C:\Users\nnegi\Desktop\Project\IMG\left_2023_02_11_11_17_35_898.jpg,C:\Users\nnegi\Desktop\Project\IMG\right_2023_02_11_11_17_35_898.jpg,-0.05,0,0,28.37145
C:\Users\nnegi\Desktop\Project\IMG\center_2023_02_11_11_17_35_969.jpg,C:\Users\nnegi\Desktop\Project\IMG\left_2023_02_11_11_17_35_969.jpg,C:\Users\nnegi\Desktop\Project\IMG\right_2023_02_11_11_17_35_969.jpg,-0.25,0,0,28.10936
C:\Users\nnegi\Desktop\Project\IMG\center_2023_02_11_11_17_36_039.jpg,C:\Users\nnegi\Desktop\Project\IMG\left_2023_02_11_11_17_36_039.jpg,C:\Users\nnegi\Desktop\Project\IMG\right_2023_02_11_11_17_36_039.jpg,-0.4,0,0,27.86036
C:\Users\nnegi\Desktop\Project\IMG\center_2023_02_11_11_17_36_112.jpg,C:\Users\nnegi\Desktop\Project\IMG\left_2023_02_11_11_17_36_112.jpg,C:\Users\nnegi\Desktop\Project\IMG\right_2023_02_11_11_17_36_112.jpg,-0.6000001,0,0,27.46127
C:\Users\nnegi\Desktop\Project\IMG\center_2023_02_11_11_17_36_184.jpg,C:\Users\nnegi\Desktop\Project\IMG\left_2023_02_11_11_17_36_184.jpg,C:\Users\nnegi\Desktop\Project\IMG\right_2023_02_11_11_17_36_184.jpg,0,0,0,27.25954
C:\Users\nnegi\Desktop\Project\IMG\center_2023_02_11_11_17_36_257.jpg,C:\Users\nnegi\Desktop\Project\IMG\left_2023_02_11_11_17_36_257.jpg,C:\Users\nnegi\Desktop\Project\IMG\right_2023_02_11_11_17_36_257.jpg,0,0,0,27.02336
C:\Users\nnegi\Desktop\Project\IMG\center_2023_02_11_11_17_36_330.jpg,C:\Users\nnegi\Desktop\Project\IMG\left_2023_02_11_11_17_36_330.jpg,C:\Users\nnegi\Desktop\Project\IMG\right_2023_02_11_11_17_36_330.jpg,0,0,0,26.79842
C:\Users\nnegi\Desktop\Project\IMG\center_2023_02_11_11_17_36_403.jpg,C:\Users\nnegi\Desktop\Project\IMG\left_2023_02_11_11_17_36_403.jpg,C:\Users\nnegi\Desktop\Project\IMG\right_2023_02_11_11_17_36_403.jpg,0,0,0,26.63279
C:\Users\nnegi\Desktop\Project\IMG\center_2023_02_11_11_17_36_478.jpg,C:\Users\nnegi\Desktop\Project\IMG\left_2023_02_11_11_17_36_478.jpg,C:\Users\nnegi\Desktop\Project\IMG\right_2023_02_11_11_17_36_478.jpg,-0.05,0,0,26.41421
C:\Users\nnegi\Desktop\Project\IMG\center_2023_02_11_11_17_36_550.jpg,C:\Users\nnegi\Desktop\Project\IMG\left_2023_02_11_11_17_36_550.jpg,C:\Users\nnegi\Desktop\Project\IMG\right_2023_02_11_11_17_36_550.jpg,-0.25,0,0,26.17133
C:\Users\nnegi\Desktop\Project\IMG\center_2023_02_11_11_17_36_624.jpg,C:\Users\nnegi\Desktop\Project\IMG\left_2023_02_11_11_17_36_624.jpg,C:\Users\nnegi\Desktop\Project\IMG\right_2023_02_11_11_17_36_624.jpg,-0.4,0,0,25.94481
C:\Users\nnegi\Desktop\Project\IMG\center_2023_02_11_11_17_36_694.jpg,C:\Users\nnegi\Desktop\Project\IMG\left_2023_02_11_11_17_36_694.jpg,C:\Users\nnegi\Desktop\Project\IMG\right_2023_02_11_11_17_36_694.jpg,-0.6000001,0,0,25.57828
C:\Users\nnegi\Desktop\Project\IMG\center_2023_02_11_11_17_36_765.jpg,C:\Users\nnegi\Desktop\Project\IMG\left_2023_02_11_11_17_36_765.jpg,C:\Users\nnegi\Desktop\Project\IMG\right_2023_02_11_11_17_36_765.jpg,-0.7500002,0,0,25.25708
C:\Users\nnegi\Desktop\Project\IMG\center_2023_02_11_11_17_36_839.jpg,C:\Users\nnegi\Desktop\Project\IMG\left_2023_02_11_11_17_36_839.jpg,C:\Users\nnegi\Desktop\Project\IMG\right_2023_02_11_11_17_36_839.jpg,-0.9500002,0,0,24.77214
C:\Users\nnegi\Desktop\Project\IMG\center_2023_02_11_11_17_36_914.jpg,C:\Users\nnegi\Desktop\Project\IMG\left_2023_02_11_11_17_36_914.jpg,C:\Users\nnegi\Desktop\Project\IMG\right_2023_02_11_11_17_36_914.jpg,-1,0,0,24.29689
C:\Users\nnegi\Desktop\Project\IMG\center_2023_02_11_11_17_36_989.jpg,C:\Users\nnegi\Desktop\Project\IMG\left_2023_02_11_11_17_36_989.jpg,C:\Users\nnegi\Desktop\Project\IMG\right_2023_02_11_11_17_36_989.jpg,0,0,0,23.91873
C:\Users\nnegi\Desktop\Project\IMG\center_2023_02_11_11_17_37_065.jpg,C:\Users\nnegi\Desktop\Project\IMG\left_2023_02_11_11_17_37_065.jpg,C:\Users\nnegi\Desktop\Project\IMG\right_2023_02_11_11_17_37_065.jpg,0,0,0,23.76222
C:\Users\nnegi\Desktop\Project\IMG\center_2023_02_11_11_17_37_137.jpg,C:\Users\nnegi\Desktop\Project\IMG\left_2023_02_11_11_17_37_137.jpg,C:\Users\nnegi\Desktop\Project\IMG\right_2023_02_11_11_17_37_137.jpg,0,0,0,23.53456
C:\Users\nnegi\Desktop\Project\IMG\center_2023_02_11_11_17_37_212.jpg,C:\Users\nnegi\Desktop\Project\IMG\left_2023_02_11_11_17_37_212.jpg,C:\Users\nnegi\Desktop\Project\IMG\right_2023_02_11_11_17_37_212.jpg,0,0,0,23.33586
C:\Users\nnegi\Desktop\Project\IMG\center_2023_02_11_11_17_37_282.jpg,C:\Users\nnegi\Desktop\Project\IMG\left_2023_02_11_11_17_37_282.jpg,C:\Users\nnegi\Desktop\Project\IMG\right_2023_02_11_11_17_37_282.jpg,0,0,0,23.06469
C:\Users\nnegi\Desktop\Project\IMG\center_2023_02_11_11_17_37_352.jpg,C:\Users\nnegi\Desktop\Project\IMG\left_2023_02_11_11_17_37_352.jpg,C:\Users\nnegi\Desktop\Project\IMG\right_2023_02_11_11_17_37_352.jpg,0,0,0,22.88195
C:\Users\nnegi\Desktop\Project\IMG\center_2023_02_11_11_17_37_420.jpg,C:\Users\nnegi\Desktop\Project\IMG\left_2023_02_11_11_17_37_420.jpg,C:\Users\nnegi\Desktop\Project\IMG\right_2023_02_11_11_17_37_420.jpg,0,0,0,22.8833
C:\Users\nnegi\Desktop\Project\IMG\center_2023_02_11_11_17_37_490.jpg,C:\Users\nnegi\Desktop\Project\IMG\left_2023_02_11_11_17_37_490.jpg,C:\Users\nnegi\Desktop\Project\IMG\right_2023_02_11_11_17_37_490.jpg,0,0,0,22.70043
C:\Users\nnegi\Desktop\Project\IMG\center_2023_02_11_11_17_37_560.jpg,C:\Users\nnegi\Desktop\Project\IMG\left_2023_02_11_11_17_37_560.jpg,C:\Users\nnegi\Desktop\Project\IMG\right_2023_02_11_11_17_37_560.jpg,0.15,0,0,22.41477
C:\Users\nnegi\Desktop\Project\IMG\center_2023_02_11_11_17_37_631.jpg,C:\Users\nnegi\Desktop\Project\IMG\left_2023_02_11_11_17_37_631.jpg,C:\Users\nnegi\Desktop\Project\IMG\right_2023_02_11_11_17_37_631.jpg,0.35,0,0,22.17279
C:\Users\nnegi\Desktop\Project\IMG\center_2023_02_11_11_17_37_701.jpg,C:\Users\nnegi\Desktop\Project\IMG\left_2023_02_11_11_17_37_701.jpg,C:\Users\nnegi\Desktop\Project\IMG\right_2023_02_11_11_17_37_701.jpg,0.5000001,0,0,22.08602
C:\Users\nnegi\Desktop\Project\IMG\center_2023_02_11_11_17_37_770.jpg,C:\Users\nnegi\Desktop\Project\IMG\left_2023_02_11_11_17_37_770.jpg,C:\Users\nnegi\Desktop\Project\IMG\right_2023_02_11_11_17_37_770.jpg,0.7,0,0,21.72635
C:\Users\nnegi\Desktop\Project\IMG\center_2023_02_11_11_17_37_841.jpg,C:\Users\nnegi\Desktop\Project\IMG\left_2023_02_11_11_17_37_841.jpg,C:\Users\nnegi\Desktop\Project\IMG\right_2023_02_11_11_17_37_841.jpg,0.8500001,0,0,21.30689
C:\Users\nnegi\Desktop\Project\IMG\center_2023_02_11_11_17_37_911.jpg,C:\Users\nnegi\Desktop\Project\IMG\left_2023_02_11_11_17_37_911.jpg,C:\Users\nnegi\Desktop\Project\IMG\right_2023_02_11_11_17_37_911.jpg,0,0,0,21.00433
C:\Users\nnegi\Desktop\Project\IMG\center_2023_02_11_11_17_37_986.jpg,C:\Users\nnegi\Desktop\Project\IMG\left_2023_02_11_11_17_37_986.jpg,C:\Users\nnegi\Desktop\Project\IMG\right_2023_02_11_11_17_37_986.jpg,0,0,0,21.07445
C:\Users\nnegi\Desktop\Project\IMG\center_2023_02_11_11_17_38_058.jpg,C:\Users\nnegi\Desktop\Project\IMG\left_2023_02_11_11_17_38_058.jpg,C:\Users\nnegi\Desktop\Project\IMG\right_2023_02_11_11_17_38_058.jpg,0,0,0,20.91261
C:\Users\nnegi\Desktop\Project\IMG\center_2023_02_11_11_17_38_135.jpg,C:\Users\nnegi\Desktop\Project\IMG\left_2023_02_11_11_17_38_135.jpg,C:\Users\nnegi\Desktop\Project\IMG\right_2023_02_11_11_17_38_135.jpg,0,0,0,20.74869
C:\Users\nnegi\Desktop\Project\IMG\center_2023_02_11_11_17_38_205.jpg,C:\Users\nnegi\Desktop\Project\IMG\left_2023_02_11_11_17_38_205.jpg,C:\Users\nnegi\Desktop\Project\IMG\right_2023_02_11_11_17_38_205.jpg,0,0,0,20.3029
C:\Users\nnegi\Desktop\Project\IMG\center_2023_02_11_11_17_38_276.jpg,C:\Users\nnegi\Desktop\Project\IMG\left_2023_02_11_11_17_38_276.jpg,C:\Users\nnegi\Desktop\Project\IMG\right_2023_02_11_11_17_38_276.jpg,0,0,0,20.13351
C:\Users\nnegi\Desktop\Project\IMG\center_2023_02_11_11_17_38_346.jpg,C:\Users\nnegi\Desktop\Project\IMG\left_2023_02_11_11_17_38_346.jpg,C:\Users\nnegi\Desktop\Project\IMG\right_2023_02_11_11_17_38_346.jpg,0,0,0,20.34346
C:\Users\nnegi\Desktop\Project\IMG\center_2023_02_11_11_17_38_416.jpg,C:\Users\nnegi\Desktop\Project\IMG\left_2023_02_11_11_17_38_416.jpg,C:\Users\nnegi\Desktop\Project\IMG\right_2023_02_11_11_17_38_416.jpg,0,0,0,20.18443
C:\Users\nnegi\Desktop\Project\IMG\center_2023_02_11_11_17_38_486.jpg,C:\Users\nnegi\Desktop\Project\IMG\left_2023_02_11_11_17_38_486.jpg,C:\Users\nnegi\Desktop\Project\IMG\right_2023_02_11_11_17_38_486.jpg,0,0,0,19.71419
C:\Users\nnegi\Desktop\Project\IMG\center_2023_02_11_11_17_38_555.jpg,C:\Users\nnegi\Desktop\Project\IMG\left_2023_02_11_11_17_38_555.jpg,C:\Users\nnegi\Desktop\Project\IMG\right_2023_02_11_11_17_38_555.jpg,0,0,0,19.54659
C:\Users\nnegi\Desktop\Project\IMG\center_2023_02_11_11_17_38_628.jpg,C:\Users\nnegi\Desktop\Project\IMG\left_2023_02_11_11_17_38_628.jpg,C:\Users\nnegi\Desktop\Project\IMG\right_2023_02_11_11_17_38_628.jpg,0,0,0,19.37706
C:\Users\nnegi\Desktop\Project\IMG\center_2023_02_11_11_17_38_696.jpg,C:\Users\nnegi\Desktop\Project\IMG\left_2023_02_11_11_17_38_696.jpg,C:\Users\nnegi\Desktop\Project\IMG\right_2023_02_11_11_17_38_696.jpg,0,0,0,19.64731
C:\Users\nnegi\Desktop\Project\IMG\center_2023_02_11_11_17_38_766.jpg,C:\Users\nnegi\Desktop\Project\IMG\left_2023_02_11_11_17_38_766.jpg,C:\Users\nnegi\Desktop\Project\IMG\right_2023_02_11_11_17_38_766.jpg,0,0,0,19.12127
C:\Users\nnegi\Desktop\Project\IMG\center_2023_02_11_11_17_38_835.jpg,C:\Users\nnegi\Desktop\Project\IMG\left_2023_02_11_11_17_38_835.jpg,C:\Users\nnegi\Desktop\Project\IMG\right_2023_02_11_11_17_38_835.jpg,0,0.09086609,0,18.97159
C:\Users\nnegi\Desktop\Project\IMG\center_2023_02_11_11_17_38_910.jpg,C:\Users\nnegi\Desktop\Project\IMG\left_2023_02_11_11_17_38_910.jpg,C:\Users\nnegi\Desktop\Project\IMG\right_2023_02_11_11_17_38_910.jpg,0,0.3124344,0,19.05699
C:\Users\nnegi\Desktop\Project\IMG\center_2023_02_11_11_17_38_987.jpg,C:\Users\nnegi\Desktop\Project\IMG\left_2023_02_11_11_17_38_987.jpg,C:\Users\nnegi\Desktop\Project\IMG\right_2023_02_11_11_17_38_987.jpg,0,0.5050719,0,19.57639
C:\Users\nnegi\Desktop\Project\IMG\center_2023_02_11_11_17_39_057.jpg,C:\Users\nnegi\Desktop\Project\IMG\left_2023_02_11_11_17_39_057.jpg,C:\Users\nnegi\Desktop\Project\IMG\right_2023_02_11_11_17_39_057.jpg,0,0.7527599,0,19.99012
C:\Users\nnegi\Desktop\Project\IMG\center_2023_02_11_11_17_39_130.jpg,C:\Users\nnegi\Desktop\Project\IMG\left_2023_02_11_11_17_39_130.jpg,C:\Users\nnegi\Desktop\Project\IMG\right_2023_02_11_11_17_39_130.jpg,0,0.9741363,0,20.63921
C:\Users\nnegi\Desktop\Project\IMG\center_2023_02_11_11_17_39_210.jpg,C:\Users\nnegi\Desktop\Project\IMG\left_2023_02_11_11_17_39_210.jpg,C:\Users\nnegi\Desktop\Project\IMG\right_2023_02_11_11_17_39_210.jpg,0,1,0,21.41587
C:\Users\nnegi\Desktop\Project\IMG\center_2023_02_11_11_17_39_286.jpg,C:\Users\nnegi\Desktop\Project\IMG\left_2023_02_11_11_17_39_286.jpg,C:\Users\nnegi\Desktop\Project\IMG\right_2023_02_11_11_17_39_286.jpg,0,1,0,21.94948
C:\Users\nnegi\Desktop\Project\IMG\center_2023_02_11_11_17_39_354.jpg,C:\Users\nnegi\Desktop\Project\IMG\left_2023_02_11_11_17_39_354.jpg,C:\Users\nnegi\Desktop\Project\IMG\right_2023_02_11_11_17_39_354.jpg,0,1,0,22.7523
C:\Users\nnegi\Desktop\Project\IMG\center_2023_02_11_11_17_39_423.jpg,C:\Users\nnegi\Desktop\Project\IMG\left_2023_02_11_11_17_39_423.jpg,C:\Users\nnegi\Desktop\Project\IMG\right_2023_02_11_11_17_39_423.jpg,0,1,0,23.36073
C:\Users\nnegi\Desktop\Project\IMG\center_2023_02_11_11_17_39_494.jpg,C:\Users\nnegi\Desktop\Project\IMG\left_2023_02_11_11_17_39_494.jpg,C:\Users\nnegi\Desktop\Project\IMG\right_2023_02_11_11_17_39_494.jpg,0,1,0,24.13465
C:\Users\nnegi\Desktop\Project\IMG\center_2023_02_11_11_17_39_565.jpg,C:\Users\nnegi\Desktop\Project\IMG\left_2023_02_11_11_17_39_565.jpg,C:\Users\nnegi\Desktop\Project\IMG\right_2023_02_11_11_17_39_565.jpg,0,1,0,24.71103
C:\Users\nnegi\Desktop\Project\IMG\center_2023_02_11_11_17_39_638.jpg,C:\Users\nnegi\Desktop\Project\IMG\left_2023_02_11_11_17_39_638.jpg,C:\Users\nnegi\Desktop\Project\IMG\right_2023_02_11_11_17_39_638.jpg,0,1,0,25.47921
C:\Users\nnegi\Desktop\Project\IMG\center_2023_02_11_11_17_39_709.jpg,C:\Users\nnegi\Desktop\Project\IMG\left_2023_02_11_11_17_39_709.jpg,C:\Users\nnegi\Desktop\Project\IMG\right_2023_02_11_11_17_39_709.jpg,0,1,0,26.24067
C:\Users\nnegi\Desktop\Project\IMG\center_2023_02_11_11_17_39_780.jpg,C:\Users\nnegi\Desktop\Project\IMG\left_2023_02_11_11_17_39_780.jpg,C:\Users\nnegi\Desktop\Project\IMG\right_2023_02_11_11_17_39_780.jpg,0,1,0,26.80766
C:\Users\nnegi\Desktop\Project\IMG\center_2023_02_11_11_17_39_849.jpg,C:\Users\nnegi\Desktop\Project\IMG\left_2023_02_11_11_17_39_849.jpg,C:\Users\nnegi\Desktop\Project\IMG\right_2023_02_11_11_17_39_849.jpg,0,1,0,27.55822
C:\Users\nnegi\Desktop\Project\IMG\center_2023_02_11_11_17_39_918.jpg,C:\Users\nnegi\Desktop\Project\IMG\left_2023_02_11_11_17_39_918.jpg,C:\Users\nnegi\Desktop\Project\IMG\right_2023_02_11_11_17_39_918.jpg,0,1,0,28.11718
C:\Users\nnegi\Desktop\Project\IMG\center_2023_02_11_11_17_39_997.jpg,C:\Users\nnegi\Desktop\Project\IMG\left_2023_02_11_11_17_39_997.jpg,C:\Users\nnegi\Desktop\Project\IMG\right_2023_02_11_11_17_39_997.jpg,0,1,0,28.85723
C:\Users\nnegi\Desktop\Project\IMG\center_2023_02_11_11_17_40_069.jpg,C:\Users\nnegi\Desktop\Project\IMG\left_2023_02_11_11_17_40_069.jpg,C:\Users\nnegi\Desktop\Project\IMG\right_2023_02_11_11_17_40_069.jpg,0,1,0,29.5915
C:\Users\nnegi\Desktop\Project\IMG\center_2023_02_11_11_17_40_140.jpg,C:\Users\nnegi\Desktop\Project\IMG\left_2023_02_11_11_17_40_140.jpg,C:\Users\nnegi\Desktop\Project\IMG\right_2023_02_11_11_17_40_140.jpg,0,1,0,30.13879
C:\Users\nnegi\Desktop\Project\IMG\center_2023_02_11_11_17_40_210.jpg,C:\Users\nnegi\Desktop\Project\IMG\left_2023_02_11_11_17_40_210.jpg,C:\Users\nnegi\Desktop\Project\IMG\right_2023_02_11_11_17_40_210.jpg,0,1,0,30.19011
C:\Users\nnegi\Desktop\Project\IMG\center_2023_02_11_11_17_40_279.jpg,C:\Users\nnegi\Desktop\Project\IMG\left_2023_02_11_11_17_40_279.jpg,C:\Users\nnegi\Desktop\Project\IMG\right_2023_02_11_11_17_40_279.jpg,0,1,0,30.19053
C:\Users\nnegi\Desktop\Project\IMG\center_2023_02_11_11_17_40_360.jpg,C:\Users\nnegi\Desktop\Project\IMG\left_2023_02_11_11_17_40_360.jpg,C:\Users\nnegi\Desktop\Project\IMG\right_2023_02_11_11_17_40_360.jpg,0,1,0,30.19025
C:\Users\nnegi\Desktop\Project\IMG\center_2023_02_11_11_17_40_428.jpg,C:\Users\nnegi\Desktop\Project\IMG\left_2023_02_11_11_17_40_428.jpg,C:\Users\nnegi\Desktop\Project\IMG\right_2023_02_11_11_17_40_428.jpg,0,1,0,30.19021
C:\Users\nnegi\Desktop\Project\IMG\center_2023_02_11_11_17_40_498.jpg,C:\Users\nnegi\Desktop\Project\IMG\left_2023_02_11_11_17_40_498.jpg,C:\Users\nnegi\Desktop\Project\IMG\right_2023_02_11_11_17_40_498.jpg,0,1,0,30.19019
C:\Users\nnegi\Desktop\Project\IMG\center_2023_02_11_11_17_40_571.jpg,C:\Users\nnegi\Desktop\Project\IMG\left_2023_02_11_11_17_40_571.jpg,C:\Users\nnegi\Desktop\Project\IMG\right_2023_02_11_11_17_40_571.jpg,0,1,0,30.1902
C:\Users\nnegi\Desktop\Project\IMG\center_2023_02_11_11_17_40_640.jpg,C:\Users\nnegi\Desktop\Project\IMG\left_2023_02_11_11_17_40_640.jpg,C:\Users\nnegi\Desktop\Project\IMG\right_2023_02_11_11_17_40_640.jpg,0,1,0,30.19022
C:\Users\nnegi\Desktop\Project\IMG\center_2023_02_11_11_17_40_709.jpg,C:\Users\nnegi\Desktop\Project\IMG\left_2023_02_11_11_17_40_709.jpg,C:\Users\nnegi\Desktop\Project\IMG\right_2023_02_11_11_17_40_709.jpg,0,1,0,30.19021
C:\Users\nnegi\Desktop\Project\IMG\center_2023_02_11_11_17_40_789.jpg,C:\Users\nnegi\Desktop\Project\IMG\left_2023_02_11_11_17_40_789.jpg,C:\Users\nnegi\Desktop\Project\IMG\right_2023_02_11_11_17_40_789.jpg,0,1,0,30.19024
C:\Users\nnegi\Desktop\Project\IMG\center_2023_02_11_11_17_40_858.jpg,C:\Users\nnegi\Desktop\Project\IMG\left_2023_02_11_11_17_40_858.jpg,C:\Users\nnegi\Desktop\Project\IMG\right_2023_02_11_11_17_40_858.jpg,0,1,0,30.19022
C:\Users\nnegi\Desktop\Project\IMG\center_2023_02_11_11_17_40_928.jpg,C:\Users\nnegi\Desktop\Project\IMG\left_2023_02_11_11_17_40_928.jpg,C:\Users\nnegi\Desktop\Project\IMG\right_2023_02_11_11_17_40_928.jpg,0,1,0,30.19023
C:\Users\nnegi\Desktop\Project\IMG\center_2023_02_11_11_17_40_998.jpg,C:\Users\nnegi\Desktop\Project\IMG\left_2023_02_11_11_17_40_998.jpg,C:\Users\nnegi\Desktop\Project\IMG\right_2023_02_11_11_17_40_998.jpg,0,1,0,30.19023
C:\Users\nnegi\Desktop\Project\IMG\center_2023_02_11_11_17_41_079.jpg,C:\Users\nnegi\Desktop\Project\IMG\left_2023_02_11_11_17_41_079.jpg,C:\Users\nnegi\Desktop\Project\IMG\right_2023_02_11_11_17_41_079.jpg,0,1,0,30.19021
C:\Users\nnegi\Desktop\Project\IMG\center_2023_02_11_11_17_41_150.jpg,C:\Users\nnegi\Desktop\Project\IMG\left_2023_02_11_11_17_41_150.jpg,C:\Users\nnegi\Desktop\Project\IMG\right_2023_02_11_11_17_41_150.jpg,0,1,0,30.19024
C:\Users\nnegi\Desktop\Project\IMG\center_2023_02_11_11_17_41_220.jpg,C:\Users\nnegi\Desktop\Project\IMG\left_2023_02_11_11_17_41_220.jpg,C:\Users\nnegi\Desktop\Project\IMG\right_2023_02_11_11_17_41_220.jpg,0,0.8776135,0,30.16996
C:\Users\nnegi\Desktop\Project\IMG\center_2023_02_11_11_17_41_293.jpg,C:\Users\nnegi\Desktop\Project\IMG\left_2023_02_11_11_17_41_293.jpg,C:\Users\nnegi\Desktop\Project\IMG\right_2023_02_11_11_17_41_293.jpg,0,0.6326196,0,30.10849
C:\Users\nnegi\Desktop\Project\IMG\center_2023_02_11_11_17_41_360.jpg,C:\Users\nnegi\Desktop\Project\IMG\left_2023_02_11_11_17_41_360.jpg,C:\Users\nnegi\Desktop\Project\IMG\right_2023_02_11_11_17_41_360.jpg,0,0.4611996,0,30.05916
C:\Users\nnegi\Desktop\Project\IMG\center_2023_02_11_11_17_41_430.jpg,C:\Users\nnegi\Desktop\Project\IMG\left_2023_02_11_11_17_41_430.jpg,C:\Users\nnegi\Desktop\Project\IMG\right_2023_02_11_11_17_41_430.jpg,0,0.2225343,0,29.99852
C:\Users\nnegi\Desktop\Project\IMG\center_2023_02_11_11_17_41_499.jpg,C:\Users\nnegi\Desktop\Project\IMG\left_2023_02_11_11_17_41_499.jpg,C:\Users\nnegi\Desktop\Project\IMG\right_2023_02_11_11_17_41_499.jpg,0,0.04669533,0,29.91717
C:\Users\nnegi\Desktop\Project\IMG\center_2023_02_11_11_17_41_576.jpg,C:\Users\nnegi\Desktop\Project\IMG\left_2023_02_11_11_17_41_576.jpg,C:\Users\nnegi\Desktop\Project\IMG\right_2023_02_11_11_17_41_576.jpg,0,0,0,29.6845
C:\Users\nnegi\Desktop\Project\IMG\center_2023_02_11_11_17_41_656.jpg,C:\Users\nnegi\Desktop\Project\IMG\left_2023_02_11_11_17_41_656.jpg,C:\Users\nnegi\Desktop\Project\IMG\right_2023_02_11_11_17_41_656.jpg,0,0,0,29.44641
C:\Users\nnegi\Desktop\Project\IMG\center_2023_02_11_11_17_41_735.jpg,C:\Users\nnegi\Desktop\Project\IMG\left_2023_02_11_11_17_41_735.jpg,C:\Users\nnegi\Desktop\Project\IMG\right_2023_02_11_11_17_41_735.jpg,0,0,0,29.21009
C:\Users\nnegi\Desktop\Project\IMG\center_2023_02_11_11_17_41_811.jpg,C:\Users\nnegi\Desktop\Project\IMG\left_2023_02_11_11_17_41_811.jpg,C:\Users\nnegi\Desktop\Project\IMG\right_2023_02_11_11_17_41_811.jpg,0,0,0,28.97568
C:\Users\nnegi\Desktop\Project\IMG\center_2023_02_11_11_17_41_886.jpg,C:\Users\nnegi\Desktop\Project\IMG\left_2023_02_11_11_17_41_886.jpg,C:\Users\nnegi\Desktop\Project\IMG\right_2023_02_11_11_17_41_886.jpg,0,0,0,28.80111
C:\Users\nnegi\Desktop\Project\IMG\center_2023_02_11_11_17_41_955.jpg,C:\Users\nnegi\Desktop\Project\IMG\left_2023_02_11_11_17_41_955.jpg,C:\Users\nnegi\Desktop\Project\IMG\right_2023_02_11_11_17_41_955.jpg,0,0,0,28.56999
C:\Users\nnegi\Desktop\Project\IMG\center_2023_02_11_11_17_42_028.jpg,C:\Users\nnegi\Desktop\Project\IMG\left_2023_02_11_11_17_42_028.jpg,C:\Users\nnegi\Desktop\Project\IMG\right_2023_02_11_11_17_42_028.jpg,0,0,0,28.34073
C:\Users\nnegi\Desktop\Project\IMG\center_2023_02_11_11_17_42_097.jpg,C:\Users\nnegi\Desktop\Project\IMG\left_2023_02_11_11_17_42_097.jpg,C:\Users\nnegi\Desktop\Project\IMG\right_2023_02_11_11_17_42_097.jpg,0,0,0,28.17
C:\Users\nnegi\Desktop\Project\IMG\center_2023_02_11_11_17_42_171.jpg,C:\Users\nnegi\Desktop\Project\IMG\left_2023_02_11_11_17_42_171.jpg,C:\Users\nnegi\Desktop\Project\IMG\right_2023_02_11_11_17_42_171.jpg,0,0,0,27.94395
C:\Users\nnegi\Desktop\Project\IMG\center_2023_02_11_11_17_42_242.jpg,C:\Users\nnegi\Desktop\Project\IMG\left_2023_02_11_11_17_42_242.jpg,C:\Users\nnegi\Desktop\Project\IMG\right_2023_02_11_11_17_42_242.jpg,0,0,0,27.77562
C:\Users\nnegi\Desktop\Project\IMG\center_2023_02_11_11_17_42_319.jpg,C:\Users\nnegi\Desktop\Project\IMG\left_2023_02_11_11_17_42_319.jpg,C:\Users\nnegi\Desktop\Project\IMG\right_2023_02_11_11_17_42_319.jpg,0,0,0,27.55275
C:\Users\nnegi\Desktop\Project\IMG\center_2023_02_11_11_17_42_396.jpg,C:\Users\nnegi\Desktop\Project\IMG\left_2023_02_11_11_17_42_396.jpg,C:\Users\nnegi\Desktop\Project\IMG\right_2023_02_11_11_17_42_396.jpg,0,0,0,27.33168
C:\Users\nnegi\Desktop\Project\IMG\center_2023_02_11_11_17_42_470.jpg,C:\Users\nnegi\Desktop\Project\IMG\left_2023_02_11_11_17_42_470.jpg,C:\Users\nnegi\Desktop\Project\IMG\right_2023_02_11_11_17_42_470.jpg,0,0,0,27.11237
C:\Users\nnegi\Desktop\Project\IMG\center_2023_02_11_11_17_42_541.jpg,C:\Users\nnegi\Desktop\Project\IMG\left_2023_02_11_11_17_42_541.jpg,C:\Users\nnegi\Desktop\Project\IMG\right_2023_02_11_11_17_42_541.jpg,0,0,0,26.94906
C:\Users\nnegi\Desktop\Project\IMG\center_2023_02_11_11_17_42_616.jpg,C:\Users\nnegi\Desktop\Project\IMG\left_2023_02_11_11_17_42_616.jpg,C:\Users\nnegi\Desktop\Project\IMG\right_2023_02_11_11_17_42_616.jpg,-0.15,0,0,26.72348
C:\Users\nnegi\Desktop\Project\IMG\center_2023_02_11_11_17_42_694.jpg,C:\Users\nnegi\Desktop\Project\IMG\left_2023_02_11_11_17_42_694.jpg,C:\Users\nnegi\Desktop\Project\IMG\right_2023_02_11_11_17_42_694.jpg,-0.35,0,0,26.44012
C:\Users\nnegi\Desktop\Project\IMG\center_2023_02_11_11_17_42_762.jpg,C:\Users\nnegi\Desktop\Project\IMG\left_2023_02_11_11_17_42_762.jpg,C:\Users\nnegi\Desktop\Project\IMG\right_2023_02_11_11_17_42_762.jpg,-0.5000001,0,0,26.17556
C:\Users\nnegi\Desktop\Project\IMG\center_2023_02_11_11_17_42_835.jpg,C:\Users\nnegi\Desktop\Project\IMG\left_2023_02_11_11_17_42_835.jpg,C:\Users\nnegi\Desktop\Project\IMG\right_2023_02_11_11_17_42_835.jpg,-0.7,0,0,25.75455
C:\Users\nnegi\Desktop\Project\IMG\center_2023_02_11_11_17_42_913.jpg,C:\Users\nnegi\Desktop\Project\IMG\left_2023_02_11_11_17_42_913.jpg,C:\Users\nnegi\Desktop\Project\IMG\right_2023_02_11_11_17_42_913.jpg,-0.9000002,0,0,25.25912
C:\Users\nnegi\Desktop\Project\IMG\center_2023_02_11_11_17_42_993.jpg,C:\Users\nnegi\Desktop\Project\IMG\left_2023_02_11_11_17_42_993.jpg,C:\Users\nnegi\Desktop\Project\IMG\right_2023_02_11_11_17_42_993.jpg,0,0,0,24.78921
C:\Users\nnegi\Desktop\Project\IMG\center_2023_02_11_11_17_43_065.jpg,C:\Users\nnegi\Desktop\Project\IMG\left_2023_02_11_11_17_43_065.jpg,C:\Users\nnegi\Desktop\Project\IMG\right_2023_02_11_11_17_43_065.jpg,0,0,0,24.51143
C:\Users\nnegi\Desktop\Project\IMG\center_2023_02_11_11_17_43_141.jpg,C:\Users\nnegi\Desktop\Project\IMG\left_2023_02_11_11_17_43_141.jpg,C:\Users\nnegi\Desktop\Project\IMG\right_2023_02_11_11_17_43_141.jpg,0,0,0,24.21155
C:\Users\nnegi\Desktop\Project\IMG\center_2023_02_11_11_17_43_216.jpg,C:\Users\nnegi\Desktop\Project\IMG\left_2023_02_11_11_17_43_216.jpg,C:\Users\nnegi\Desktop\Project\IMG\right_2023_02_11_11_17_43_216.jpg,0,0,0,23.98089
C:\Users\nnegi\Desktop\Project\IMG\center_2023_02_11_11_17_43_286.jpg,C:\Users\nnegi\Desktop\Project\IMG\left_2023_02_11_11_17_43_286.jpg,C:\Users\nnegi\Desktop\Project\IMG\right_2023_02_11_11_17_43_286.jpg,0,0,0,23.97626
C:\Users\nnegi\Desktop\Project\IMG\center_2023_02_11_11_17_43_358.jpg,C:\Users\nnegi\Desktop\Project\IMG\left_2023_02_11_11_17_43_358.jpg,C:\Users\nnegi\Desktop\Project\IMG\right_2023_02_11_11_17_43_358.jpg,0,0,0,23.68328
C:\Users\nnegi\Desktop\Project\IMG\center_2023_02_11_11_17_43_426.jpg,C:\Users\nnegi\Desktop\Project\IMG\left_2023_02_11_11_17_43_426.jpg,C:\Users\nnegi\Desktop\Project\IMG\right_2023_02_11_11_17_43_426.jpg,0,0,0,23.41322
C:\Users\nnegi\Desktop\Project\IMG\center_2023_02_11_11_17_43_498.jpg,C:\Users\nnegi\Desktop\Project\IMG\left_2023_02_11_11_17_43_498.jpg,C:\Users\nnegi\Desktop\Project\IMG\right_2023_02_11_11_17_43_498.jpg,0,0,0,23.0402
C:\Users\nnegi\Desktop\Project\IMG\center_2023_02_11_11_17_43_566.jpg,C:\Users\nnegi\Desktop\Project\IMG\left_2023_02_11_11_17_43_566.jpg,C:\Users\nnegi\Desktop\Project\IMG\right_2023_02_11_11_17_43_566.jpg,0,0,0,23.11142
C:\Users\nnegi\Desktop\Project\IMG\center_2023_02_11_11_17_43_638.jpg,C:\Users\nnegi\Desktop\Project\IMG\left_2023_02_11_11_17_43_638.jpg,C:\Users\nnegi\Desktop\Project\IMG\right_2023_02_11_11_17_43_638.jpg,0,0,0,22.73129
C:\Users\nnegi\Desktop\Project\IMG\center_2023_02_11_11_17_43_706.jpg,C:\Users\nnegi\Desktop\Project\IMG\left_2023_02_11_11_17_43_706.jpg,C:\Users\nnegi\Desktop\Project\IMG\right_2023_02_11_11_17_43_706.jpg,0,0,0,22.42887
C:\Users\nnegi\Desktop\Project\IMG\center_2023_02_11_11_17_43_775.jpg,C:\Users\nnegi\Desktop\Project\IMG\left_2023_02_11_11_17_43_775.jpg,C:\Users\nnegi\Desktop\Project\IMG\right_2023_02_11_11_17_43_775.jpg,0,0,0,22.0923
C:\Users\nnegi\Desktop\Project\IMG\center_2023_02_11_11_17_43_842.jpg,C:\Users\nnegi\Desktop\Project\IMG\left_2023_02_11_11_17_43_842.jpg,C:\Users\nnegi\Desktop\Project\IMG\right_2023_02_11_11_17_43_842.jpg,0,0,0,22.07347
C:\Users\nnegi\Desktop\Project\IMG\center_2023_02_11_11_17_43_966.jpg,C:\Users\nnegi\Desktop\Project\IMG\left_2023_02_11_11_17_43_966.jpg,C:\Users\nnegi\Desktop\Project\IMG\right_2023_02_11_11_17_43_966.jpg,0,0,0,21.15105
C:\Users\nnegi\Desktop\Project\IMG\center_2023_02_11_11_17_44_040.jpg,C:\Users\nnegi\Desktop\Project\IMG\left_2023_02_11_11_17_44_040.jpg,C:\Users\nnegi\Desktop\Project\IMG\right_2023_02_11_11_17_44_040.jpg,0,0,0,20.95757
C:\Users\nnegi\Desktop\Project\IMG\center_2023_02_11_11_17_44_122.jpg,C:\Users\nnegi\Desktop\Project\IMG\left_2023_02_11_11_17_44_122.jpg,C:\Users\nnegi\Desktop\Project\IMG\right_2023_02_11_11_17_44_122.jpg,0,0,0,19.21805
C:\Users\nnegi\Desktop\Project\IMG\center_2023_02_11_11_17_44_191.jpg,C:\Users\nnegi\Desktop\Project\IMG\left_2023_02_11_11_17_44_191.jpg,C:\Users\nnegi\Desktop\Project\IMG\right_2023_02_11_11_17_44_191.jpg,0,0,0,17.77274
C:\Users\nnegi\Desktop\Project\IMG\center_2023_02_11_11_17_44_258.jpg,C:\Users\nnegi\Desktop\Project\IMG\left_2023_02_11_11_17_44_258.jpg,C:\Users\nnegi\Desktop\Project\IMG\right_2023_02_11_11_17_44_258.jpg,0,0,0,17.22594
C:\Users\nnegi\Desktop\Project\IMG\center_2023_02_11_11_17_44_334.jpg,C:\Users\nnegi\Desktop\Project\IMG\left_2023_02_11_11_17_44_334.jpg,C:\Users\nnegi\Desktop\Project\IMG\right_2023_02_11_11_17_44_334.jpg,0,0,0,16.38987
C:\Users\nnegi\Desktop\Project\IMG\center_2023_02_11_11_17_44_409.jpg,C:\Users\nnegi\Desktop\Project\IMG\left_2023_02_11_11_17_44_409.jpg,C:\Users\nnegi\Desktop\Project\IMG\right_2023_02_11_11_17_44_409.jpg,0,0,0,15.5139
C:\Users\nnegi\Desktop\Project\IMG\center_2023_02_11_11_17_44_482.jpg,C:\Users\nnegi\Desktop\Project\IMG\left_2023_02_11_11_17_44_482.jpg,C:\Users\nnegi\Desktop\Project\IMG\right_2023_02_11_11_17_44_482.jpg,0,0,0,15.13425
C:\Users\nnegi\Desktop\Project\IMG\center_2023_02_11_11_17_44_558.jpg,C:\Users\nnegi\Desktop\Project\IMG\left_2023_02_11_11_17_44_558.jpg,C:\Users\nnegi\Desktop\Project\IMG\right_2023_02_11_11_17_44_558.jpg,0,0,0,14.81866
C:\Users\nnegi\Desktop\Project\IMG\center_2023_02_11_11_17_44_633.jpg,C:\Users\nnegi\Desktop\Project\IMG\left_2023_02_11_11_17_44_633.jpg,C:\Users\nnegi\Desktop\Project\IMG\right_2023_02_11_11_17_44_633.jpg,0,0,0,14.4105
C:\Users\nnegi\Desktop\Project\IMG\center_2023_02_11_11_17_44_705.jpg,C:\Users\nnegi\Desktop\Project\IMG\left_2023_02_11_11_17_44_705.jpg,C:\Users\nnegi\Desktop\Project\IMG\right_2023_02_11_11_17_44_705.jpg,0,0,0,13.70731
C:\Users\nnegi\Desktop\Project\IMG\center_2023_02_11_11_17_44_778.jpg,C:\Users\nnegi\Desktop\Project\IMG\left_2023_02_11_11_17_44_778.jpg,C:\Users\nnegi\Desktop\Project\IMG\right_2023_02_11_11_17_44_778.jpg,0,0,0,13.2794
C:\Users\nnegi\Desktop\Project\IMG\center_2023_02_11_11_17_44_850.jpg,C:\Users\nnegi\Desktop\Project\IMG\left_2023_02_11_11_17_44_850.jpg,C:\Users\nnegi\Desktop\Project\IMG\right_2023_02_11_11_17_44_850.jpg,0,0,0,12.84683
C:\Users\nnegi\Desktop\Project\IMG\center_2023_02_11_11_17_44_921.jpg,C:\Users\nnegi\Desktop\Project\IMG\left_2023_02_11_11_17_44_921.jpg,C:\Users\nnegi\Desktop\Project\IMG\right_2023_02_11_11_17_44_921.jpg,0,0,0,12.46522
C:\Users\nnegi\Desktop\Project\IMG\center_2023_02_11_11_17_44_991.jpg,C:\Users\nnegi\Desktop\Project\IMG\left_2023_02_11_11_17_44_991.jpg,C:\Users\nnegi\Desktop\Project\IMG\right_2023_02_11_11_17_44_991.jpg,0,0,0,12.71098
C:\Users\nnegi\Desktop\Project\IMG\center_2023_02_11_11_17_45_060.jpg,C:\Users\nnegi\Desktop\Project\IMG\left_2023_02_11_11_17_45_060.jpg,C:\Users\nnegi\Desktop\Project\IMG\right_2023_02_11_11_17_45_060.jpg,0,0,0,12.31877
C:\Users\nnegi\Desktop\Project\IMG\center_2023_02_11_11_17_45_129.jpg,C:\Users\nnegi\Desktop\Project\IMG\left_2023_02_11_11_17_45_129.jpg,C:\Users\nnegi\Desktop\Project\IMG\right_2023_02_11_11_17_45_129.jpg,0,0,0,11.77932
C:\Users\nnegi\Desktop\Project\IMG\center_2023_02_11_11_17_45_199.jpg,C:\Users\nnegi\Desktop\Project\IMG\left_2023_02_11_11_17_45_199.jpg,C:\Users\nnegi\Desktop\Project\IMG\right_2023_02_11_11_17_45_199.jpg,0,0,0,11.12823
C:\Users\nnegi\Desktop\Project\IMG\center_2023_02_11_11_17_45_273.jpg,C:\Users\nnegi\Desktop\Project\IMG\left_2023_02_11_11_17_45_273.jpg,C:\Users\nnegi\Desktop\Project\IMG\right_2023_02_11_11_17_45_273.jpg,0,0,0,10.39976
C:\Users\nnegi\Desktop\Project\IMG\center_2023_02_11_11_17_45_545.jpg,C:\Users\nnegi\Desktop\Project\IMG\left_2023_02_11_11_17_45_545.jpg,C:\Users\nnegi\Desktop\Project\IMG\right_2023_02_11_11_17_45_545.jpg,0,0,0,7.681032
